Date,Visting Team,League,Visiting Team Game Number,Home Team,League.1,Home Team Game Number,Visiting Team Score,Home Team Score,Length of Game in Outs,Park ID,Attendance,Visiting Team Line Numbers,Home Team Line Numbers,Visting Team At-Bats,Visting Team Hits,Visting Team Doubles,Visting Team Triples,Visting Team Home-Runs,Visting Team RBI,Visiting Team Sac Hits,Visting Team Sac Flys,Visting Team HBP,Visting Team Walks,Visting Team Int Walks,Visting Team Strikeouts,Visting Team Stolen Bases,Visting Team Caught Stealing,Visting Team G Double Play,Visting Team Awarded First on Interference,Visiting Team LOB,Visting Team Pitchers Used,Visting Team Ind ER,Visting Team Team ER,Visting Team Wild Pitches,Visting Team Balks,Visting Team Put-outs,Visting Team Assists,Visting Team Errors,Visting Team Passed Balls,Visting Team Double Plays,Visting Team Triple Plays,Home Team At-Bats,Home Team Hits,Home Team Doubles,Home Team Triples,Home Team Home-Runs,Home Team RBI,Home Team Sac Hits,Home Team Sac Flys,Home Team HBP,Home Team Walks,Home Team Int Walks,Home Team Strikeouts,Home Team Stolen Bases,Home Team Caught Stealing,Home Team G Double Play,Home Team Awarded First on Interference,Home Team LOB,Home Team Pitchers Used,Home Team Ind ER,Home Team Team ER,Home Team Wild Pitches,Home Team Balks,Home Team Put-outs,Home Team Assists,Home Team Errors,Home Team Passed Balls,Home Team Double Plays,Home Team Triple Plays,Winning Pitcher ID,Losing Pitcher ID,Saving Pitcher ID,Visiting Starter Pitcher ID,Home Starter Pitcher ID,Unnamed: 75,team_game_num,date_game,team_homeORaway,opp_ID,game_result,IP,H,R,ER,UER,BB,SO,HR,HBP,earned_run_avg,batters_faced,pitches,strikes_total,inherited_runners,inherited_score,SB,CS,AB,2B,3B,IBB,SH,SF,ROE,GIDP,pitchers_number,umpire_hp,pitchers_number_desc
20120405,MIA,NL,2,CIN,NL,1,0,4,51,CIN09,42956,0,10000102x,29,3,1,0,0,0,0,0,0,2,0,8,0,1,0,0,4,3,4,4,0,0,24,13,1,0,1,0,30,10,4,0,1,4,1,1,1,4,2,5,0,0,1,0,9,3,0,0,0,0,27,14,1,0,1,0,cuetj001,buehm001,,buehm001,cuetj001,,1,Apr 5,1,MIA,"W,4-0",9,3,0,0,0,2,8,0,0,0,31,116,76,0,0,0,1,29,1,0,0,0,0,1,0,3,Tim McClelland,"J.Cueto (99-73-W), A.Chapman (99-H), S.Marshall (99)"
20120407,MIA,NL,3,CIN,NL,2,8,3,54,CIN09,41662,130220,200010,38,12,3,1,3,8,0,0,0,5,0,9,3,0,1,0,8,2,3,3,0,0,27,15,1,0,1,0,32,6,0,1,2,3,1,0,0,0,0,6,0,0,1,0,3,5,8,8,0,0,27,10,0,0,1,0,nolar001,latom001,,nolar001,latom001,,2,Apr 7,1,MIA,"L,3-8",9,12,8,8,0,5,9,3,0,4,43,168,104,2,0,3,0,38,3,1,0,0,0,0,1,5,Ted Barrett,"M.Latos (99-36-L), L.Ondrusek (99), S.LeCure (99), A.Simon (99), J.Arredondo (99)"
20120408,MIA,NL,4,CIN,NL,3,5,6,52,CIN09,23539,101300,300001002,36,11,1,1,0,5,0,1,1,0,0,7,2,0,1,0,6,4,6,6,0,0,25,8,0,0,0,0,33,8,1,0,2,6,0,0,0,3,0,7,0,0,0,0,5,3,4,4,0,0,27,6,1,0,1,0,chapa001,bellh001,,zambc001,arrob001,,3,Apr 8,1,MIA,"W,6-5",9,11,5,4,1,0,7,0,1,4,38,117,90,1,0,2,0,36,1,1,0,0,1,0,1,3,Brian Runge,"B.Arroyo (99-39), L.Ondrusek (0), A.Chapman (2-W)"
20120409,SLN,NL,5,CIN,NL,4,7,1,54,CIN09,16909,400000030,10000,33,9,2,0,3,7,0,1,0,7,0,10,0,1,1,0,7,3,0,0,0,0,27,16,2,0,1,0,29,3,0,0,0,0,0,0,0,4,0,5,0,1,1,0,5,4,7,7,1,0,27,10,0,0,2,0,westj001,bailh001,,westj001,bailh001,,4,Apr 9,1,STL,"L,1-7",9,9,7,7,0,7,10,3,0,4.75,41,162,92,3,1,0,1,33,2,0,0,0,1,0,1,4,CB Bucknor,"H.Bailey (99-43-L), B.Bray (99), J.Arredondo (1), A.Simon (1)"
20120410,SLN,NL,6,CIN,NL,5,3,1,54,CIN09,17110,100002000,1000,33,9,2,1,2,3,0,0,1,3,0,9,0,0,3,0,7,3,1,1,0,0,27,8,0,0,0,0,30,4,1,1,0,1,0,1,1,1,1,5,0,0,0,0,5,4,3,3,0,0,27,12,0,0,3,0,lohsk001,leakm001,mottj001,lohsk001,leakm001,,5,Apr 10,1,STL,"L,1-3",9,9,3,3,0,3,9,2,1,4.4,37,143,95,0,0,0,0,33,2,1,0,0,0,0,3,4,Dale Scott,"M.Leake (99-49-L), S.LeCure (2), L.Ondrusek (1), S.Marshall (4)"
20120411,SLN,NL,7,CIN,NL,6,3,4,52,CIN09,20672,3000000,1020001,33,8,0,1,1,3,1,0,1,2,0,9,0,0,0,0,7,5,4,4,0,0,25,12,0,0,1,0,36,14,2,0,0,4,1,1,0,4,1,7,0,0,1,0,13,5,3,3,0,0,27,7,0,0,0,0,chapa001,rzepm001,,garcj004,cuetj001,,6,Apr 11,1,STL,"W,4-3",9,8,3,3,0,2,9,1,1,4.17,37,155,99,1,0,0,0,33,0,1,0,1,0,0,0,5,Bill Miller,"J.Cueto (5-44), J.Arredondo (1), B.Bray (1), L.Ondrusek (0), A.Chapman (2-W)"
20120412,CIN,NL,7,WAS,NL,7,2,3,59,WAS11,40907,20,200001,36,5,4,0,0,2,0,0,0,2,1,12,0,0,0,0,6,4,3,3,1,0,29,11,0,0,1,0,37,9,1,0,0,2,0,0,1,4,0,2,0,0,1,0,10,4,2,2,0,0,30,10,1,0,0,0,stamc001,simoa001,,latom001,gonzg003,,7,Apr 12,@,WSN,"L,2-3",9.2,9,3,3,0,4,2,0,1,3.96,42,163,101,0,0,0,0,37,1,0,0,0,0,0,1,4,Mike Everitt,"M.Latos (4-47), S.LeCure (1), J.Arredondo (0), A.Simon (2-L)"
20120413,CIN,NL,8,WAS,NL,8,1,2,76,WAS11,26959,100000000,100001,44,5,2,0,0,1,0,1,0,5,0,10,1,0,0,0,10,6,2,2,0,0,37,15,0,0,0,0,44,9,2,0,1,2,1,0,0,5,0,8,1,0,0,0,11,6,1,1,0,0,39,17,2,0,1,0,stamc001,marss002,,arrob001,zimmj003,,8,Apr 13,@,WSN,"L,1-2",12.1,9,2,2,0,5,8,1,0,3.55,50,208,121,0,0,1,0,44,2,0,0,1,0,0,0,6,Paul Schrieber,"B.Arroyo (4-75), B.Bray (1-BSv), L.Ondrusek (1), A.Chapman (1), A.Simon (0), S.Marshall (2-L)"
20120414,CIN,NL,9,WAS,NL,9,1,4,51,WAS11,35489,10000000,01200010x,28,2,1,0,0,1,0,0,1,1,0,9,0,0,1,0,2,2,4,4,0,0,24,9,0,0,1,0,33,10,2,0,0,4,0,0,0,5,0,5,0,0,1,0,10,1,1,1,0,0,27,10,0,0,1,0,jacke001,bailh001,,bailh001,jacke001,,9,Apr 14,@,WSN,"L,1-4",8,10,4,4,0,5,5,0,0,3.64,38,146,89,0,0,0,0,33,2,0,0,0,0,0,1,2,Tim Welke,"H.Bailey (4-45-L), S.LeCure (1)"
20120415,CIN,NL,10,WAS,NL,10,8,5,66,WAS11,25679,40010000003,31010000,44,13,2,0,1,8,2,0,0,5,2,10,1,0,2,0,10,5,5,5,0,0,33,19,1,0,1,0,41,9,2,0,0,5,0,0,0,3,0,9,0,0,1,0,6,6,4,4,0,0,33,16,2,0,2,0,arrej001,clipt001,marss002,leakm001,detwr001,,10,Apr 15,@,WSN,"W,8-5",11,9,5,5,0,3,9,0,0,3.69,44,160,115,1,1,0,0,41,2,0,0,0,0,0,1,5,Laz Diaz,"M.Leake (4-41), L.Ondrusek (1-BSv), A.Chapman (1), J.Arredondo (2-W), S.Marshall (1-Sv)"
20120417,CIN,NL,11,SLN,NL,11,1,2,59,STL10,35562,100,1000000001,34,7,0,0,0,1,2,0,0,1,0,10,0,1,0,0,6,4,2,2,0,0,29,9,0,0,0,0,34,8,1,0,1,2,2,1,1,7,2,6,0,0,0,0,14,5,0,0,0,0,30,14,2,0,2,0,mottj001,lecus001,,cuetj001,lohsk001,,11,Apr 17,@,STL,"L,1-2",9.2,8,2,2,0,7,6,1,1,3.53,45,174,100,2,1,0,0,34,1,0,2,2,1,0,0,4,Tony Randazzo,"J.Cueto (5-62), L.Ondrusek (1), S.LeCure (2-L), B.Bray (3)"
20120418,CIN,NL,12,SLN,NL,12,1,11,51,STL10,35907,10000,32000303x,32,9,1,1,0,1,0,0,1,3,0,5,0,0,4,0,8,4,11,11,0,0,24,10,0,0,1,0,36,14,5,1,2,11,0,0,0,3,0,8,4,0,1,0,4,3,1,1,0,0,27,14,0,0,4,0,garcj004,latom001,,latom001,garcj004,,12,Apr 18,@,STL,"L,1-11",8,14,11,11,0,3,8,2,0,4.15,39,147,95,1,1,4,0,36,5,1,0,0,0,0,1,4,Todd Tichenor,"M.Latos (5-22-L), S.LeCure (0), A.Simon (4), B.Bray (0)"
20120419,CIN,NL,13,SLN,NL,13,6,3,54,STL10,40049,310101,3000,39,12,1,0,3,6,0,0,0,1,0,8,0,0,0,0,7,2,3,3,0,0,27,7,1,0,1,0,33,6,0,0,1,3,0,0,0,0,0,8,0,0,1,0,3,5,6,6,0,0,27,9,0,0,0,0,arrob001,waina001,marss002,arrob001,waina001,,13,Apr 19,@,STL,"W,6-3",9,6,3,3,0,0,8,1,0,4.07,33,109,80,0,0,0,0,33,0,0,0,0,0,1,1,2,Brian Gorman,"B.Arroyo (5-65-W), S.Marshall (3-Sv)"
20120420,CIN,NL,14,CHN,NL,14,9,4,54,CHI11,37782,400201011,2011000,38,12,2,1,0,9,0,0,0,6,0,8,3,0,1,0,8,3,1,1,0,0,27,10,2,1,0,0,34,5,2,0,0,3,0,0,0,0,0,5,0,0,0,0,3,5,8,8,0,0,27,7,3,0,2,0,bailh001,volsc001,,bailh001,volsc001,,14,Apr 20,@,CHC,"W,9-4",9,5,4,1,3,0,5,0,0,3.86,34,133,90,0,0,0,0,34,2,0,0,0,0,2,0,3,Lance Barrett,"H.Bailey (5-59-W), A.Chapman (4), J.Arredondo (4)"
20120421,CIN,NL,15,CHN,NL,15,1,6,51,CHI11,38405,100000000,14000010x,34,6,4,0,0,1,0,0,0,4,1,7,0,0,0,0,10,3,5,5,0,0,24,5,2,0,1,0,36,14,4,1,0,6,0,1,1,1,0,5,0,0,0,0,9,4,1,1,0,0,27,9,2,0,0,0,mahop002,leakm001,,leakm001,mahop002,,15,Apr 21,@,CHC,"L,1-6",8,14,6,5,1,1,5,0,1,3.96,39,118,83,2,0,0,0,36,4,1,0,0,1,1,0,3,Scott Barry,"M.Leake (5-31-L), L.Ondrusek (3), A.Simon (2)"
20120422,CIN,NL,16,CHN,NL,16,4,3,54,CHI11,35801,2002000,20001,32,7,3,0,0,4,3,0,1,8,0,8,0,1,0,0,13,4,2,2,0,1,27,9,3,0,0,0,34,6,0,1,0,2,1,0,2,5,0,11,0,0,0,0,12,4,2,2,0,0,27,12,2,0,0,0,cuetj001,loper001,marss002,cuetj001,wellr001,,16,Apr 22,@,CHC,"W,4-3",9,6,3,2,1,5,11,0,2,3.84,42,168,110,5,0,0,0,34,0,1,0,1,0,2,0,4,Gary Darling,"J.Cueto (4-62-W), L.Ondrusek (0-H), A.Chapman (1-H), S.Marshall (2-Sv)"
20120424,SFN,NL,17,CIN,NL,17,2,9,51,CIN09,19051,2,20000061x,30,6,0,0,1,2,1,0,0,3,0,5,2,0,2,0,5,2,9,9,0,0,24,7,0,0,0,0,34,11,5,0,2,9,1,0,1,3,0,7,1,0,0,0,6,3,2,2,0,0,27,13,0,0,2,0,latom001,cainm001,,cainm001,latom001,,17,Apr 24,1,SFG,"W,9-2",9,6,2,2,0,3,5,1,0,3.73,34,127,86,0,0,2,0,30,0,0,0,1,0,0,2,3,Vic Carapazza,"M.Latos (5-70-W), J.Arredondo (3), S.LeCure (5)"
20120425,SFN,NL,18,CIN,NL,18,2,4,51,CIN09,17115,1100000,00000040x,34,10,1,0,1,1,1,0,1,2,0,7,1,1,1,0,9,4,1,1,1,0,24,6,2,0,1,0,30,8,1,0,1,3,1,1,0,4,0,6,0,0,1,0,8,5,1,1,0,0,27,11,1,0,1,0,arrej001,hensc002,marss002,zitob001,arrob001,,18,Apr 25,1,SFG,"W,4-2",9,10,2,1,1,2,7,1,1,3.59,38,132,90,0,0,1,1,34,1,0,0,1,0,0,1,5,Gerry Davis,"B.Arroyo (5-44), J.Hoover (99), J.Arredondo (0-W), A.Chapman (2-H), S.Marshall (2-Sv)"
20120426,SFN,NL,19,CIN,NL,19,6,5,54,CIN09,17317,200103,20002100,34,10,1,0,1,6,0,2,0,3,0,9,0,1,1,0,6,4,5,5,0,0,27,8,0,0,1,0,36,12,2,0,2,5,0,1,0,2,0,9,0,0,1,0,7,3,5,5,0,0,27,9,1,0,1,0,lopej002,marss002,garcj002,voger001,bailh001,,19,Apr 26,1,SFG,"L,5-6",9,10,6,5,1,3,9,1,0,3.66,39,132,89,2,0,0,1,34,1,0,0,0,2,0,1,3,Tim Welke,"H.Bailey (5-53), L.Ondrusek (3-H), S.Marshall (0-BL)"
20120427,HOU,NL,20,CIN,NL,20,6,4,54,CIN09,29486,2400000,11002,36,9,3,1,0,6,1,0,0,2,0,7,2,0,0,0,6,5,4,4,1,0,27,10,1,0,0,0,35,8,1,1,2,4,0,0,0,2,0,10,1,1,0,0,6,5,3,3,0,0,27,9,1,1,0,0,rodrw002,leakm001,myerb001,rodrw002,leakm001,,20,Apr 27,1,HOU,"L,4-6",9,9,6,3,3,2,7,0,0,3.63,39,157,96,1,1,2,0,36,3,1,0,1,0,1,0,5,Marvin Hudson,"M.Leake (5-30-L), A.Simon (5), J.Hoover (1), J.Arredondo (1), S.LeCure (2)"
20120428,HOU,NL,21,CIN,NL,21,0,6,51,CIN09,32971,0,20202000x,31,6,1,0,0,0,0,0,1,3,0,5,0,0,1,0,8,3,5,5,0,0,24,11,1,0,0,0,33,9,2,1,1,6,1,0,0,1,0,4,1,0,0,0,5,3,0,0,0,0,27,11,0,0,2,0,cuetj001,harrl002,,harrl002,cuetj001,,21,Apr 28,1,HOU,"W,6-0",9,6,0,0,0,3,5,0,1,3.46,35,162,100,0,0,0,0,31,1,0,0,0,0,0,1,3,Tim McClelland,"J.Cueto (5-69-W), L.Ondrusek (1), A.Chapman (2)"
20120429,HOU,NL,22,CIN,NL,22,5,6,51,CIN09,31086,110021000,00021021x,36,11,2,0,2,5,1,0,0,1,0,6,0,1,0,0,6,4,6,6,0,0,24,9,0,0,0,0,32,9,3,0,2,6,1,0,0,5,1,9,2,0,0,0,8,4,5,5,0,0,27,5,0,0,0,0,ondrl001,rodrf004,marss002,lylej001,latom001,,22,Apr 29,1,HOU,"W,6-5",9,11,5,5,0,1,6,2,0,3.53,38,144,93,1,0,0,1,36,2,0,0,1,0,0,0,4,Angel Campos,"M.Latos (4-37), J.Arredondo (1), L.Ondrusek (0-W), S.Marshall (2-Sv)"
20120502,CHN,NL,24,CIN,NL,23,3,1,54,CIN09,16868,10101000,100000,34,10,1,0,2,3,1,0,0,1,0,5,0,1,0,0,6,3,1,1,1,0,27,7,0,0,2,0,29,3,1,0,0,0,0,0,0,2,0,10,0,0,2,0,3,3,3,3,0,0,27,7,0,0,0,0,samaj001,arrob001,marmc001,samaj001,arrob001,,23,May 2,1,CHC,"L,1-3",9,10,3,3,0,1,5,2,0,3.5,36,137,90,0,0,0,1,34,1,0,0,1,0,0,0,3,Dana DeMuth,"B.Arroyo (6-44-L), S.LeCure (4), J.Hoover (4)"
20120503,CHN,NL,25,CIN,NL,24,3,4,58,CIN09,23288,1001100000,31,39,10,2,0,3,3,0,0,0,2,1,6,0,0,1,0,8,3,1,1,0,0,28,14,2,0,1,0,32,5,1,0,0,2,1,1,0,4,0,7,0,0,1,0,6,5,3,3,0,0,30,8,0,0,1,0,ondrl001,dolir001,,dempr002,bailh001,,24,May 3,1,CHC,"W,4-3",10,10,3,3,0,2,6,3,0,3.47,41,155,110,0,0,0,0,39,2,0,1,0,0,0,1,5,Kerwin Danley,"H.Bailey (6-45), J.Arredondo (3), A.Chapman (4), S.Marshall (3), L.Ondrusek (3-W)"
20120504,CIN,NL,25,PIT,NL,26,6,1,54,PIT08,20445,10110210,100000,39,12,4,1,3,6,0,0,0,4,1,4,0,0,0,0,10,1,1,1,0,0,27,14,0,0,0,0,31,7,2,0,0,1,0,1,0,0,0,4,0,1,0,0,4,2,6,6,0,0,27,8,0,0,0,0,cuetj001,corrk001,,cuetj001,corrk001,,25,May 4,@,PIT,"W,6-1",9,7,1,1,0,0,4,0,0,3.37,32,110,75,1,1,0,1,31,2,0,0,0,1,0,0,1,Alan Porter,J.Cueto (5-73-W)
20120505,CIN,NL,26,PIT,NL,27,2,3,51,PIT08,33019,110,00200010x,31,8,2,1,0,2,0,0,0,3,1,9,0,0,2,0,5,2,3,3,0,0,24,13,0,0,1,0,28,6,1,0,2,3,0,0,0,6,0,6,0,0,1,0,7,4,2,2,0,0,27,8,0,0,4,0,mcdoj004,leakm001,hanrj001,leakm001,mcdoj004,,26,May 5,@,PIT,"L,2-3",8,6,3,3,0,6,6,2,0,3.37,34,124,74,0,0,0,0,28,1,0,0,0,0,0,1,2,Ron Kulpa,"M.Leake (7-57-L), J.Arredondo (1)"
20120506,CIN,NL,27,PIT,NL,28,5,0,54,PIT08,20042,112010000,0,33,10,1,0,2,5,1,1,1,4,0,6,1,0,2,0,8,4,0,0,0,0,27,3,2,0,0,0,32,3,0,0,0,0,0,0,1,3,0,17,0,0,0,0,9,3,4,4,0,0,27,13,2,0,2,0,latom001,mortc002,,latom001,mortc002,,27,May 6,@,PIT,"W,5-0",9,3,0,0,0,3,17,0,1,3.25,36,153,101,2,0,0,0,32,0,0,0,0,0,2,0,4,Jim Wolf,"M.Latos (6-76-W), J.Hoover (3), A.Chapman (2), A.Simon (8)"
20120507,CIN,NL,28,MIL,NL,29,6,1,54,MIL06,27157,500001,100000000,36,10,4,0,2,6,1,0,0,0,0,6,1,0,0,0,4,3,1,1,0,0,27,7,1,0,0,0,34,7,1,0,1,1,0,0,0,1,0,12,0,0,0,0,7,3,6,6,0,0,27,6,0,0,0,0,arrob001,estrm001,,arrob001,estrm001,,28,May 7,@,MIL,"W,6-1",9,7,1,1,0,1,12,1,0,3.17,35,137,93,2,0,0,0,34,1,0,0,0,0,0,0,3,Dan Iassogna,"B.Arroyo (4-66-W), L.Ondrusek (3-H), S.Marshall (3)"
20120508,CIN,NL,29,MIL,NL,30,3,8,51,MIL06,28108,2010,21031010x,36,9,4,0,1,3,0,0,0,2,0,10,0,0,1,0,8,5,8,8,1,0,24,6,0,0,1,0,34,11,2,1,1,8,0,0,2,3,0,10,0,0,1,0,7,4,3,3,0,0,27,7,1,0,1,0,gally001,bailh001,,bailh001,gally001,,29,May 8,@,MIL,"L,3-8",8,11,8,8,0,3,10,1,2,3.35,39,161,102,3,3,0,0,34,2,1,0,0,0,0,1,5,Dale Scott,"H.Bailey (4-26-L), J.Hoover (1), S.LeCure (5), J.Arredondo (2), A.Simon (1)"
20120509,CIN,NL,30,MIL,NL,31,2,1,54,MIL06,27090,2,1,32,5,2,0,0,2,0,0,0,1,1,13,2,0,0,0,4,4,1,1,0,0,27,12,0,0,1,0,34,8,2,0,1,1,0,0,0,2,0,8,0,0,1,0,8,2,2,2,0,0,27,6,0,0,0,0,chapa001,axfoj001,ondrl001,cuetj001,greiz001,,30,May 9,@,MIL,"W,2-1",9,8,1,1,0,2,8,1,0,3.27,36,161,96,2,0,0,0,34,2,0,0,0,0,0,1,4,CB Bucknor,"J.Cueto (4-71), A.Chapman (2-W), S.Marshall (1-H), L.Ondrusek (1-Sv)"
20120511,WAS,NL,32,CIN,NL,31,7,3,54,CIN09,37255,312100000,110010,38,12,1,0,2,7,1,0,0,2,0,12,2,0,0,0,7,4,3,3,0,0,27,7,0,0,0,0,35,9,2,0,0,3,0,1,0,5,0,13,1,0,0,0,11,5,7,7,1,0,27,6,0,0,0,0,gonzg003,leakm001,,gonzg003,leakm001,,31,May 11,1,WSN,"L,3-7",9,12,7,7,0,2,12,2,0,3.39,41,151,96,0,0,2,0,38,1,0,0,1,0,0,0,5,Jeff Kellogg,"M.Leake (5-22-L), A.Simon (2), J.Hoover (2), J.Arredondo (2), S.LeCure (2)"
20120512,WAS,NL,33,CIN,NL,32,2,1,54,CIN09,42294,11000,100000000,31,6,1,0,2,2,1,0,0,5,1,11,2,0,1,0,8,3,1,1,0,0,27,5,0,1,1,0,32,5,0,0,0,1,0,0,0,2,0,13,0,0,0,0,6,4,2,2,0,0,27,8,0,0,1,0,zimmj003,arrej001,rodrh002,zimmj003,latom001,,32,May 12,1,WSN,"L,1-2",9,6,2,2,0,5,11,2,0,3.34,37,168,101,0,0,2,0,31,1,0,1,1,0,0,1,4,Eric Cooper,"M.Latos (5-56), J.Arredondo (0-L), L.Ondrusek (2), A.Chapman (2)"
20120513,WAS,NL,34,CIN,NL,33,6,9,53,CIN09,28361,11020110,100110024,41,16,5,0,0,6,0,1,0,5,1,10,1,0,0,0,14,5,8,7,0,0,26,9,1,0,0,0,34,9,3,0,3,9,1,1,0,3,0,8,0,0,0,0,4,4,6,6,0,0,27,4,1,0,0,0,marss002,rodrh002,,jacke001,arrob001,,33,May 13,1,WSN,"W,9-6",9,16,6,6,0,5,10,0,0,3.42,47,179,118,2,0,1,0,41,5,0,1,0,1,0,0,4,Marty Foster,"B.Arroyo (5-34), S.LeCure (1), J.Hoover (1), S.Marshall (3-W)"
20120514,CIN,NL,34,ATL,NL,36,3,1,54,ATL02,19697,100020,10000,33,7,4,0,0,2,1,0,0,3,0,6,0,0,1,0,7,4,1,1,1,0,27,7,0,0,0,0,33,8,0,1,0,1,0,1,0,4,0,6,0,0,0,0,10,4,2,2,1,0,27,9,1,0,1,0,ondrl001,ventj001,marss002,bailh001,delgr001,,34,May 14,@,ATL,"W,3-1",9,8,1,1,0,4,6,0,0,3.35,38,153,90,3,0,0,0,33,0,1,0,0,1,0,0,4,Sam Holbrook,"H.Bailey (5-59), L.Ondrusek (1-W), A.Chapman (1-H), S.Marshall (0-Sv)"
20120515,CIN,NL,35,ATL,NL,37,2,6,51,ATL02,21530,200,01410000x,37,11,2,0,0,2,0,0,0,4,0,4,0,0,0,0,12,4,5,5,0,0,24,11,2,0,0,0,34,12,1,0,1,5,0,1,0,2,1,5,0,0,0,0,7,3,2,2,0,0,27,12,0,0,0,0,hudst001,cuetj001,,cuetj001,hudst001,,35,May 15,@,ATL,"L,2-6",8,12,6,5,1,2,5,1,0,3.41,37,152,98,0,0,0,0,34,1,0,1,0,1,0,0,4,Andy Fletcher,"J.Cueto (5-24-L), A.Simon (3), J.Hoover (1), J.Arredondo (2)"
20120516,CIN,NL,36,NYN,NL,37,6,3,54,NYC20,22659,1000140,1002000,34,10,2,0,2,6,1,1,0,2,0,7,0,0,1,0,5,4,1,1,0,0,27,14,1,0,0,0,34,8,1,0,0,3,1,0,0,2,0,9,1,1,0,0,7,5,6,6,0,0,27,9,0,0,1,0,arrej001,raucj001,marss002,leakm001,santj003,,36,May 16,@,NYM,"W,6-3",9,8,3,1,2,2,9,0,0,3.34,37,143,87,0,0,1,1,34,1,0,0,1,0,1,0,4,Paul Emmel,"M.Leake (4-53), J.Arredondo (0-W), A.Chapman (1-H), S.Marshall (1-Sv)"
20120517,CIN,NL,37,NYN,NL,38,4,9,51,NYC20,29943,130000,00002115x,33,8,4,0,1,3,0,1,1,2,0,11,0,0,0,0,6,4,8,8,1,0,24,4,2,0,0,0,35,12,4,0,1,9,1,2,0,6,1,11,2,0,0,0,11,4,3,3,0,0,27,8,0,2,1,0,parnb001,ondrl001,,latom001,dickr001,,37,May 17,@,NYM,"L,4-9",8,12,9,8,1,6,11,1,0,3.48,44,186,118,2,1,2,0,35,4,0,1,1,2,2,0,4,Scott Barry,"M.Latos (4-45), J.Hoover (1-H), A.Chapman (0-BSv), L.Ondrusek (2-L)"
20120518,CIN,NL,38,NYA,AL,39,0,4,51,NYC21,42015,0,00010003x,30,4,0,0,0,0,1,0,0,1,0,10,0,1,0,0,5,2,4,4,0,0,24,10,0,0,0,0,32,9,1,0,2,4,0,0,0,1,0,5,0,0,0,0,5,2,0,0,0,0,27,7,1,1,0,0,petta001,arrob001,,arrob001,petta001,,38,May 18,@,NYY,"L,0-4",8,9,4,4,0,1,5,2,0,3.5,33,107,64,0,0,0,0,32,1,0,0,0,0,0,0,2,Larry Vanover,"B.Arroyo (4-48-L), J.Arredondo (1)"
20120519,CIN,NL,39,NYA,AL,40,6,5,54,NYC21,45302,110030010,1110002,32,8,2,0,1,6,0,1,1,4,0,15,1,0,1,0,5,5,5,5,0,0,27,6,0,0,0,0,37,11,2,0,2,5,0,0,0,1,0,10,1,1,0,0,6,4,5,5,0,0,27,6,1,0,1,0,bailh001,novai001,arrej001,bailh001,novai001,,39,May 19,@,NYY,"W,6-5",9,11,5,5,0,1,10,2,0,3.54,38,151,102,4,0,1,1,37,2,0,0,0,0,0,0,5,Brian Gorman,"H.Bailey (4-53-W), L.Ondrusek (1-H), A.Chapman (1-H), S.Marshall (2-H), J.Arredondo (0-Sv)"
20120520,CIN,NL,40,NYA,AL,41,5,2,54,NYC21,45622,302,2000,36,10,1,0,2,5,0,0,1,6,0,10,0,1,1,0,11,4,2,2,0,0,27,9,1,0,2,0,34,8,1,0,1,2,0,0,0,2,0,7,0,0,2,0,7,4,5,5,0,0,27,6,1,1,1,0,cuetj001,sabac001,chapa001,cuetj001,sabac001,,40,May 20,@,NYY,"W,5-2",9,8,2,2,0,2,7,1,0,3.5,36,131,82,2,0,0,0,34,1,0,0,0,0,1,2,4,Tony Randazzo,"J.Cueto (4-56-W), S.Marshall (0-H), L.Ondrusek (0-H), A.Chapman (0-Sv)"
20120521,ATL,NL,43,CIN,NL,41,1,4,51,CIN09,17606,10000000,10030000x,30,3,1,0,1,1,0,0,0,3,0,7,0,0,0,0,5,3,4,4,0,0,24,5,1,0,0,0,32,7,0,0,4,4,0,0,0,4,0,8,0,0,0,0,8,3,1,1,1,0,27,9,0,0,0,0,leakm001,minom001,marss002,minom001,leakm001,,41,May 21,1,ATL,"W,4-1",9,3,1,1,0,3,7,1,0,3.44,33,123,82,2,0,0,0,30,1,0,0,0,0,0,0,3,Mark Carlson,"M.Leake (4-77-W), J.Arredondo (1-H), S.Marshall (0-Sv)"
20120522,ATL,NL,44,CIN,NL,42,3,4,51,CIN09,26438,100100010,20110000x,33,6,2,0,2,3,0,0,0,1,0,11,0,0,0,0,4,3,4,4,0,0,24,9,0,0,0,0,29,6,0,0,3,4,0,0,0,2,0,6,2,1,0,0,3,3,3,3,0,0,27,4,1,0,0,0,latom001,beacb001,chapa001,beacb001,latom001,,42,May 22,1,ATL,"W,4-3",9,6,3,3,0,1,11,2,0,3.43,34,150,98,0,0,0,0,33,2,0,0,0,0,1,0,3,Ed Hickox,"M.Latos (4-66-W), L.Ondrusek (1-H), A.Chapman (1-Sv)"
20120523,ATL,NL,45,CIN,NL,43,1,2,52,CIN09,20411,100000,1001,31,4,2,0,1,1,0,0,0,3,0,9,0,0,0,0,6,5,2,2,1,0,25,9,1,0,1,0,30,6,0,0,1,2,0,0,0,4,1,7,0,0,1,0,7,3,1,1,1,0,27,10,0,0,0,0,chapa001,martc005,,hanst001,arrob001,,43,May 23,1,ATL,"W,2-1",9,4,1,1,0,3,9,1,0,3.38,34,142,86,1,0,0,0,31,2,0,0,0,0,0,0,3,Angel Hernandez,"B.Arroyo (4-67), J.Arredondo (1), A.Chapman (0-W)"
20120524,ATL,NL,46,CIN,NL,44,3,6,51,CIN09,23312,20100,00010410x,33,7,0,0,2,3,0,0,0,2,0,7,2,0,1,0,5,4,6,6,1,0,24,14,0,0,2,0,31,10,1,0,2,6,0,0,0,4,0,7,1,0,2,0,5,4,3,3,0,0,27,9,0,0,1,0,bailh001,delgr001,ondrl001,delgr001,bailh001,,44,May 24,1,ATL,"W,6-3",9,7,3,3,0,2,7,2,0,3.37,35,139,84,0,0,2,0,33,0,0,0,0,0,0,1,4,Chris Conroy,"H.Bailey (4-61-W), S.LeCure (10-H), S.Marshall (2-H), L.Ondrusek (1-Sv)"
20120525,COL,NL,44,CIN,NL,45,6,3,54,CIN09,29597,20120001,300000,38,13,5,0,1,6,0,0,0,4,1,8,1,0,2,0,9,6,3,3,0,0,27,6,0,0,1,0,35,9,5,0,0,3,0,0,0,2,0,11,0,0,1,0,7,4,6,6,0,1,27,11,0,0,2,0,friec001,cuetj001,betar001,friec001,cuetj001,,45,May 25,1,COL,"L,3-6",9,13,6,6,0,4,8,1,0,3.43,42,167,101,1,0,1,0,38,5,0,1,0,0,0,2,4,Paul Emmel,"J.Cueto (4-23-L), J.Hoover (7), A.Simon (9), J.Arredondo (1)"
20120526,COL,NL,45,CIN,NL,46,3,10,51,CIN09,35314,100200000,40110040x,34,10,2,1,0,3,0,0,0,4,0,11,0,0,3,0,8,3,6,6,1,0,24,8,1,0,2,0,34,12,5,0,3,10,0,0,0,4,0,8,0,1,1,0,4,5,3,3,1,0,27,8,1,0,3,0,hoovj002,guthj001,,guthj001,leakm001,,46,May 26,1,COL,"W,10-3",9,10,3,3,0,4,11,0,0,3.42,38,159,101,1,0,0,0,34,2,1,0,0,0,1,3,5,Scott Barry,"M.Leake (4-34), J.Hoover (0-W), S.LeCure (1-H), L.Ondrusek (1), S.Marshall (1)"
20120527,COL,NL,46,CIN,NL,47,5,7,51,CIN09,29368,10111010,11320000x,32,5,0,0,5,5,0,0,0,2,0,4,1,0,1,0,2,4,7,7,0,1,24,11,0,0,3,0,28,8,1,0,4,7,1,0,1,3,0,4,0,0,3,0,2,3,5,5,0,0,27,12,0,0,1,0,latom001,moyej001,chapa001,moyej001,latom001,,47,May 27,1,COL,"W,7-5",9,5,5,5,0,2,4,5,0,3.45,34,133,85,2,0,1,0,32,0,0,0,0,0,0,1,3,Jerry Meals,"M.Latos (4-51-W), J.Arredondo (1), A.Chapman (3-Sv)"
20120528,CIN,NL,48,PIT,NL,48,1,4,51,PIT08,14792,1,21100000x,32,6,1,0,0,1,0,0,0,2,0,6,0,0,1,0,6,3,4,4,1,0,24,8,0,0,1,0,33,10,4,0,0,4,0,0,0,2,0,5,0,0,1,0,7,3,1,1,0,0,27,9,0,0,1,0,mcdoj004,arrob001,hanrj001,arrob001,mcdoj004,,48,May 28,@,PIT,"L,1-4",8,10,4,4,0,2,5,0,0,3.47,35,135,89,0,0,0,0,33,4,0,0,0,0,0,1,3,Lance Barksdale,"B.Arroyo (4-30-L), A.Simon (2), J.Hoover (1)"
20120529,CIN,NL,49,PIT,NL,49,8,1,54,PIT08,12077,20201300,10000,37,12,4,1,0,7,1,0,1,3,1,3,0,0,1,0,7,1,1,1,0,0,27,7,1,0,1,0,31,4,0,1,0,1,0,0,0,1,0,5,0,0,1,0,4,6,8,8,2,0,27,10,1,0,1,0,bailh001,mortc002,,bailh001,mortc002,,49,May 29,@,PIT,"W,8-1",9,4,1,1,0,1,5,0,0,3.42,32,103,77,1,1,0,0,31,0,1,0,0,0,1,1,1,Fieldin Culbreth,H.Bailey (4-79-W)
20120530,CIN,NL,50,PIT,NL,50,1,2,51,PIT08,16782,100000000,00000200x,30,4,1,0,0,1,1,1,0,3,0,7,2,0,1,0,7,3,2,2,0,0,24,14,1,0,0,0,29,5,1,1,0,2,0,0,0,5,2,5,1,0,0,0,8,3,0,0,0,0,27,14,2,0,1,0,burna001,cuetj001,hanrj001,cuetj001,burna001,,50,May 30,@,PIT,"L,1-2",8,5,2,2,0,5,5,0,0,3.4,34,127,74,1,0,1,0,29,1,1,2,0,0,0,0,3,Adrian Johnson,"J.Cueto (4-60-L), S.Marshall (3), L.Ondrusek (3)"
20120601,CIN,NL,51,HOU,NL,52,4,1,54,HOU03,21464,201000001,1000,31,6,1,0,1,4,0,0,0,2,0,9,0,0,2,0,2,3,1,1,0,0,27,12,0,0,2,0,30,5,0,0,0,0,0,0,0,4,0,10,0,0,2,0,6,3,4,4,0,0,27,13,0,0,2,0,leakm001,happj001,chapa001,leakm001,happj001,,51,Jun 1,@,HOU,"W,4-1",9,5,1,1,0,4,10,0,0,3.35,34,132,76,0,0,0,0,30,0,0,0,0,0,0,2,3,Jim Joyce,"M.Leake (5-69-W), L.Ondrusek (1-H), A.Chapman (4-Sv)"
20120602,CIN,NL,52,HOU,NL,53,12,9,54,HOU03,22991,350011020,203400000,40,14,4,0,4,12,2,0,0,4,1,7,0,1,0,0,7,6,6,6,0,0,27,12,1,0,2,0,37,14,5,0,1,9,1,0,0,5,0,15,0,2,1,0,7,5,10,10,0,0,27,9,2,0,0,0,lecus001,rodrf004,chapa001,latom001,rodrw002,,52,Jun 2,@,HOU,"W,12-9",9,14,9,6,3,5,15,1,0,3.4,43,188,117,1,1,0,2,37,5,0,0,1,0,1,1,6,Jim Reynolds,"M.Latos (5-28), J.Hoover (4), S.LeCure (6-W), J.Arredondo (5-H), S.Marshall (2-H), A.Chapman (0-Sv)"
20120603,CIN,NL,53,HOU,NL,54,3,5,51,HOU03,19914,2000010,01002020x,31,7,1,0,1,3,0,1,0,2,0,5,1,1,1,0,4,3,5,5,0,0,24,9,0,0,0,0,30,10,1,0,1,5,1,2,1,1,0,7,0,1,0,0,6,3,3,3,0,0,27,9,1,0,1,0,lylej001,arrob001,myerb001,arrob001,lylej001,,53,Jun 3,@,HOU,"L,3-5",8,10,5,5,0,1,7,1,1,3.44,35,136,88,0,0,0,1,30,1,0,0,1,2,0,0,3,Dan Iassogna,"B.Arroyo (5-40-L), S.Marshall (0), L.Ondrusek (1)"
20120605,PIT,NL,54,CIN,NL,54,8,4,54,CIN09,19906,24011000,200001001,38,12,1,1,3,8,0,0,0,2,0,8,3,0,0,0,5,5,4,4,1,0,27,6,0,0,1,0,33,9,0,0,0,4,0,2,0,7,0,15,3,0,1,0,11,5,8,8,0,0,27,9,0,0,0,0,burna001,bailh001,hanrj001,burna001,bailh001,,54,Jun 5,1,PIT,"L,4-8",9,12,8,8,0,2,8,3,0,3.52,40,165,110,0,0,3,0,38,1,1,0,0,0,0,0,5,Tim Tschida,"H.Bailey (6-19-L), A.Simon (7), J.Hoover (2), J.Arredondo (2), S.Marshall (1)"
20120606,PIT,NL,55,CIN,NL,55,4,5,51,CIN09,16859,40,01040000x,32,7,1,0,1,4,0,0,1,1,0,8,0,1,0,0,3,3,5,5,0,0,24,7,0,1,0,0,29,7,1,0,1,5,2,0,0,4,0,7,1,0,0,0,6,4,4,4,0,0,27,11,0,0,0,0,cuetj001,lincb001,chapa001,lincb001,cuetj001,,55,Jun 6,1,PIT,"W,5-4",9,7,4,4,0,1,8,1,1,3.53,34,135,87,2,2,0,1,32,1,0,0,0,0,0,0,4,Mike Muchlinski,"J.Cueto (6-60-W), L.Ondrusek (2), S.Marshall (0-H), A.Chapman (3-Sv)"
20120607,PIT,NL,56,CIN,NL,56,5,4,60,CIN09,23106,2011001,100110010,35,9,4,0,0,5,1,2,0,0,0,8,0,0,1,0,3,7,4,4,0,0,30,10,0,0,0,0,39,10,2,0,3,4,0,0,0,4,1,9,0,0,0,0,9,4,5,5,0,0,30,12,0,0,1,0,hanrj001,chapa001,resoc001,corrk001,leakm001,,56,Jun 7,1,PIT,"L,4-5",10,9,5,5,0,0,8,0,0,3.55,38,122,86,0,0,0,0,35,4,0,0,1,2,0,1,4,Bill Welke,"M.Leake (5-52), S.Marshall (0), J.Arredondo (1), A.Chapman (0-L)"
20120608,DET,AL,58,CIN,NL,57,5,6,58,CIN09,38563,1021100,1030000101,36,9,1,0,2,5,1,0,1,2,0,7,1,0,2,0,5,5,6,6,0,0,28,14,1,0,2,0,40,15,3,1,1,6,2,0,0,3,1,5,0,0,2,0,11,3,4,4,0,0,30,11,1,0,2,0,lecus001,cokep001,,porcr001,latom001,,57,Jun 8,1,DET,"W,6-5",10,9,5,4,1,2,7,2,1,3.55,40,135,90,1,1,1,0,36,1,0,0,1,0,0,2,3,Mark Carlson,"M.Latos (5-46), J.Arredondo (0-BSv), S.LeCure (5-W)"
20120609,DET,AL,59,CIN,NL,58,3,2,54,CIN09,42443,10100010,200000,33,7,1,0,2,3,1,0,0,2,1,4,0,0,0,0,6,4,2,2,2,0,27,9,0,0,1,0,32,6,3,0,0,2,0,0,0,5,2,12,0,0,1,0,8,3,3,3,1,0,27,13,0,0,0,0,villb002,marss002,valvj001,verlj001,arrob001,,58,Jun 9,1,DET,"L,2-3",9,7,3,3,0,2,4,2,0,3.54,36,121,83,2,0,0,0,33,1,0,1,1,0,0,0,3,Tom Hallion,"B.Arroyo (5-63), S.Marshall (1-L), L.Ondrusek (2)"
20120610,DET,AL,60,CIN,NL,59,7,6,54,CIN09,34056,110140,21102000,37,11,2,0,1,6,0,0,3,5,0,10,0,0,0,0,11,5,6,6,1,0,27,9,0,0,2,0,35,10,2,0,3,6,0,0,0,2,0,11,2,0,2,0,4,6,7,7,1,0,27,13,0,0,0,0,villb002,chapa001,valvj001,smyld001,bailh001,,59,Jun 10,1,DET,"L,6-7",9,11,7,7,0,5,10,1,3,3.6,45,168,100,7,3,0,0,37,2,0,0,0,0,0,0,6,Angel Hernandez,"H.Bailey (4-55), J.Arredondo (1), S.Marshall (0), L.Ondrusek (0-H), A.Chapman (2-BL), A.Simon (4)"
20120612,CLE,AL,60,CIN,NL,60,1,7,51,CIN09,24758,100000000,00101023x,32,6,1,0,0,1,0,0,0,0,0,7,0,1,0,0,4,4,6,6,2,0,24,12,2,0,1,0,35,13,1,0,1,5,0,1,1,4,2,5,1,0,1,0,10,1,1,1,0,0,27,12,0,0,0,0,cuetj001,gomej002,,gomej002,cuetj001,,60,Jun 12,1,CLE,"W,7-1",9,6,1,1,0,0,7,0,0,3.56,32,122,81,1,1,0,1,32,1,0,0,0,0,0,0,1,Kerwin Danley,J.Cueto (5-78-W)
20120613,CLE,AL,61,CIN,NL,61,3,5,51,CIN09,27428,101001,10011020x,36,8,1,0,1,3,0,0,0,1,0,9,0,0,0,0,7,3,5,5,0,0,24,6,0,0,0,0,28,7,1,0,1,5,0,2,1,6,1,8,0,1,0,0,8,3,3,3,0,0,27,9,1,0,0,0,latom001,lowed001,chapa001,lowed001,latom001,,61,Jun 13,1,CLE,"W,5-3",9,8,3,3,0,1,9,1,0,3.55,37,131,91,0,0,0,0,36,1,0,0,0,0,1,0,3,Paul Nauert,"M.Latos (4-61-W), S.Marshall (2-H), A.Chapman (2-Sv)"
20120614,CLE,AL,62,CIN,NL,62,5,12,51,CIN09,34193,200010200,30125100x,39,12,3,0,2,5,0,0,0,3,0,11,0,0,0,0,10,4,11,11,1,0,24,6,2,0,1,0,42,17,3,0,3,10,0,0,0,4,1,8,0,0,1,0,10,5,5,5,0,0,27,11,1,0,0,0,arrej001,tomlj001,,tomlj001,leakm001,,62,Jun 14,1,CLE,"W,12-5",9,12,5,5,0,3,11,2,0,3.57,42,171,109,2,0,0,0,39,3,0,0,0,0,0,0,5,Dana DeMuth,"M.Leake (6-41), J.Arredondo (3-W), A.Simon (3), J.Hoover (8), S.LeCure (5)"
20120615,CIN,NL,63,NYN,NL,65,7,3,54,NYC20,34716,22000201,1200,37,11,5,0,2,6,0,0,1,2,0,6,0,0,1,0,6,4,3,3,0,0,27,9,0,0,0,0,31,4,0,0,2,3,0,0,1,2,0,8,0,0,0,0,4,3,6,6,0,0,27,7,1,0,1,0,arrob001,gee-d001,,arrob001,gee-d001,,63,Jun 15,@,NYM,"W,7-3",9,4,3,3,0,2,8,2,1,3.56,34,132,89,0,0,0,0,31,0,0,0,0,0,0,0,4,Jim Joyce,"B.Arroyo (5-55-W), J.Arredondo (0-H), S.Marshall (1-H), A.Chapman (1)"
20120616,CIN,NL,64,NYN,NL,66,4,1,54,NYC20,27988,300100000,100000000,33,8,0,0,1,4,1,0,1,2,0,9,0,0,1,0,6,2,1,1,0,0,27,9,0,0,0,0,33,6,3,0,0,1,0,0,1,2,0,4,1,0,0,0,8,3,4,4,0,0,27,10,0,0,1,0,bailh001,niesj001,chapa001,bailh001,niesj001,,64,Jun 16,@,NYM,"W,4-1",9,6,1,1,0,2,4,0,1,3.52,36,124,78,0,0,1,0,33,3,0,0,0,0,0,0,2,Jim Reynolds,"H.Bailey (5-68-W), A.Chapman (0-Sv)"
20120617,CIN,NL,65,NYN,NL,67,3,1,54,NYC20,40134,30000,10000000,37,10,3,0,0,2,0,0,0,3,1,3,2,0,0,0,10,3,1,1,0,0,27,11,1,0,2,0,33,7,0,0,0,1,0,0,0,2,0,9,0,0,2,0,7,3,2,2,0,0,27,6,1,0,0,0,cuetj001,younc003,marss002,cuetj001,younc003,,65,Jun 17,@,NYM,"W,3-1",9,7,1,1,0,2,9,0,0,3.48,35,143,93,2,0,0,0,33,0,0,0,0,0,1,2,3,Vic Carapazza,"J.Cueto (4-68-W), J.Arredondo (1-H), S.Marshall (1-Sv)"
20120618,CIN,NL,66,CLE,AL,66,9,10,51,CLE08,19948,122020101,13030210x,38,14,4,0,2,8,0,0,0,4,0,6,0,0,2,0,6,4,10,10,0,0,24,11,0,0,0,0,35,13,4,1,3,10,0,1,0,1,0,6,0,1,0,0,3,4,9,9,0,0,27,12,1,0,3,0,smitj002,lecus001,perec002,latom001,lowed001,,66,Jun 18,@,CLE,"L,9-10",8,13,10,10,0,1,6,3,0,3.59,37,131,80,0,0,0,1,35,4,1,0,0,1,0,0,4,Jim Wolf,"M.Latos (4-22), S.LeCure (3-L), J.Hoover (3), L.Ondrusek (7)"
20120619,CIN,NL,67,CLE,AL,67,2,3,58,CLE08,17213,1000000001,1000002,38,9,3,0,0,1,0,0,0,2,0,4,0,0,2,0,8,3,3,3,0,0,28,11,1,0,0,0,37,10,2,0,1,3,0,0,0,1,0,7,0,0,0,0,7,6,2,2,3,0,30,15,1,0,2,0,hagan001,chapa001,,leakm001,tomlj001,,67,Jun 19,@,CLE,"L,2-3",9.1,10,3,3,0,1,7,1,0,3.58,38,157,93,0,0,0,0,37,2,0,0,0,0,0,0,3,Derryl Cousins,"M.Leake (4-64), S.Marshall (1), A.Chapman (2-BL)"
20120620,CIN,NL,68,CLE,AL,68,1,8,51,CLE08,23544,10,00050030x,29,3,1,0,0,1,0,0,1,0,0,9,0,1,1,0,2,4,5,5,0,0,24,5,1,0,1,0,35,11,4,0,2,8,0,0,0,6,0,6,0,0,1,0,9,1,0,0,0,0,27,13,1,0,1,0,mastj001,arrob001,,arrob001,mastj001,,68,Jun 20,@,CLE,"L,1-8",8,11,8,5,3,6,6,2,0,3.61,41,158,97,1,0,0,0,35,4,0,0,0,0,1,1,4,Ron Kulpa,"B.Arroyo (4-26-L), A.Simon (5), J.Hoover (1), L.Ondrusek (1)"
20120622,MIN,AL,69,CIN,NL,69,5,4,54,CIN09,33531,11102000,200200000,35,10,1,0,1,5,0,2,0,4,0,7,2,0,0,0,9,5,4,4,0,0,27,9,0,0,1,0,34,9,2,0,2,4,1,0,0,3,0,5,0,0,1,0,7,5,4,4,0,0,27,10,1,0,0,0,blacn001,bailh001,perkg001,blacn001,bailh001,,69,Jun 22,1,MIN,"L,4-5",9,10,5,4,1,4,7,1,0,3.61,41,158,103,5,2,2,0,35,1,0,0,0,2,0,0,5,Jerry Layne,"H.Bailey (5-34-L), B.Bray (64-BSv), L.Ondrusek (1), S.LeCure (3), S.Marshall (2)"
20120623,MIN,AL,70,CIN,NL,70,0,6,51,CIN09,41750,0,00040101x,29,3,1,0,0,0,0,0,1,1,0,10,0,1,0,0,4,3,5,5,0,0,24,8,1,0,1,0,31,8,3,0,1,5,1,0,0,5,2,4,0,0,1,0,7,3,0,0,0,0,27,8,0,0,1,0,cuetj001,duenb001,,duenb001,cuetj001,,70,Jun 23,1,MIN,"W,6-0",9,3,0,0,0,1,10,0,1,3.56,31,145,94,0,0,0,1,29,1,0,0,0,0,0,0,3,Dan Bellino,"J.Cueto (5-79-W), J.Arredondo (5), A.Simon (2)"
20120624,MIN,AL,71,CIN,NL,71,4,3,54,CIN09,34513,10102,1000020,32,7,2,0,2,4,1,0,0,0,0,7,0,1,0,0,2,2,3,3,0,0,27,13,0,0,1,0,31,8,2,0,1,3,2,0,2,3,0,7,1,0,1,0,8,2,4,4,0,0,27,14,0,0,0,0,diams001,chapa001,burtj001,diams001,leakm001,,71,Jun 24,1,MIN,"L,3-4",9,7,4,4,0,0,7,2,0,3.57,33,116,77,0,0,0,1,32,2,0,0,1,0,0,0,2,Mike Muchlinski,"M.Leake (4-69), A.Chapman (4-BL)"
20120625,MIL,NL,73,CIN,NL,72,1,3,51,CIN09,34485,1000,00020001x,31,4,1,0,1,1,0,0,0,2,0,13,0,0,0,0,5,4,3,3,0,0,24,8,0,0,2,0,28,7,4,0,0,3,1,0,0,4,0,8,2,0,1,0,6,1,1,1,0,0,27,7,0,0,0,0,latom001,gally001,,gally001,latom001,,72,Jun 25,1,MIL,"W,3-1",9,4,1,1,0,2,13,1,0,3.53,33,109,80,1,1,0,0,31,1,0,0,0,0,0,0,1,Tim Timmons,M.Latos (6-86-W)
20120626,MIL,NL,74,CIN,NL,73,3,4,51,CIN09,32986,30,00000301x,30,3,2,0,0,3,0,0,1,2,0,7,1,0,0,0,3,3,4,4,0,0,24,4,0,0,0,0,30,6,1,0,2,4,0,0,0,2,0,15,1,0,0,0,4,3,3,3,0,0,27,8,0,0,0,0,marss002,axfoj001,chapa001,estrm001,arrob001,,73,Jun 26,1,MIL,"W,4-3",9,3,3,3,0,2,7,0,1,3.52,33,126,81,1,0,1,0,30,2,0,0,0,0,0,0,3,Jeff Kellogg,"B.Arroyo (5-64), S.Marshall (3-W), A.Chapman (1-Sv)"
20120627,MIL,NL,75,CIN,NL,74,8,4,54,CIN09,28906,21200003,1100011,35,11,2,1,2,8,0,0,0,6,0,4,0,3,1,0,6,4,4,4,1,0,27,10,0,0,0,0,34,7,2,1,2,4,0,0,0,2,0,6,0,0,0,0,5,6,4,4,1,0,27,14,2,0,1,0,greiz001,bailh001,,greiz001,bailh001,,74,Jun 27,1,MIL,"L,4-8",9,11,8,4,4,6,4,2,0,3.53,41,164,101,7,0,0,3,35,2,1,0,0,0,1,1,6,Eric Cooper,"H.Bailey (4-30-L), A.Simon (3), B.Bray (4), L.Ondrusek (4), J.Arredondo (3), S.LeCure (4)"
20120628,CIN,NL,75,SFN,NL,77,0,5,51,SFO03,41626,0,20000120x,26,1,0,0,0,0,1,0,0,2,0,8,1,1,0,0,2,3,4,4,0,0,24,10,2,0,1,0,29,9,1,1,0,4,0,0,1,6,0,6,0,1,1,0,7,1,0,0,0,0,27,13,0,0,0,0,bumgm001,cuetj001,,cuetj001,bumgm001,,75,Jun 28,@,SFG,"L,0-5",8,9,5,4,1,6,6,0,1,3.54,36,152,95,0,0,0,1,29,1,1,0,0,0,0,1,3,CB Bucknor,"J.Cueto (4-49-L), S.LeCure (0), J.Arredondo (0)"
20120629,CIN,NL,76,SFN,NL,78,5,1,54,SFO03,41960,300001100,1,39,13,4,0,2,5,0,0,0,1,0,8,1,0,1,0,8,1,1,1,0,0,27,11,0,0,2,0,34,9,2,0,1,1,0,0,0,1,0,4,2,0,1,0,7,3,5,5,0,0,27,10,1,0,1,0,leakm001,cainm001,,leakm001,cainm001,,76,Jun 29,@,SFG,"W,5-1",9,9,1,1,0,1,4,1,0,3.51,35,111,76,1,1,2,0,34,2,0,0,0,0,0,1,1,Bill Miller,M.Leake (4-68-W)
20120630,CIN,NL,77,SFN,NL,79,2,1,54,SFO03,42135,100100,1,33,7,1,0,0,2,0,0,0,6,1,6,0,0,1,0,10,1,1,1,0,0,27,8,0,0,0,0,29,2,1,1,0,1,0,0,0,0,0,7,0,0,0,0,1,4,2,2,1,0,27,12,1,0,2,0,latom001,zitob001,,latom001,zitob001,,77,Jun 30,@,SFG,"W,2-1",9,2,1,1,0,0,7,0,0,3.47,29,115,82,1,1,0,0,29,1,1,0,0,0,0,0,1,Dale Scott,M.Latos (4-86-W)
20120701,CIN,NL,78,SFN,NL,80,3,4,53,SFO03,42039,20001,1010101,34,7,0,0,1,3,0,0,1,2,0,7,1,0,0,0,7,4,4,4,1,0,26,12,0,0,1,0,35,12,4,0,0,4,2,0,1,4,1,3,2,0,1,0,12,4,3,3,0,0,27,11,0,0,0,0,garcj002,arrej001,,arrob001,voger001,,78,Jul 1,@,SFG,"L,3-4",8.2,12,4,4,0,4,3,0,1,3.48,42,157,100,0,0,2,0,35,4,0,1,2,0,0,1,4,Dan Iassogna,"B.Arroyo (4-50), L.Ondrusek (3), S.Marshall (4), J.Arredondo (2-L)"
20120702,CIN,NL,79,LAN,NL,81,8,2,54,LOS03,34493,3023,110000000,40,12,2,1,0,8,0,0,2,2,1,11,0,0,0,0,9,2,2,2,0,0,27,9,0,0,0,0,30,6,0,0,1,2,1,1,0,1,0,9,0,0,0,0,4,4,5,5,1,0,27,15,1,1,0,0,bailh001,billc001,,bailh001,billc001,,79,Jul 2,@,LAD,"W,8-2",9,6,2,2,0,1,9,1,0,3.46,33,133,93,0,0,0,0,30,0,0,0,1,1,0,0,2,Bill Welke,"H.Bailey (4-70-W), A.Chapman (5)"
20120703,CIN,NL,80,LAN,NL,82,1,3,51,LOS03,33884,10000,00000120x,33,7,1,0,0,1,0,0,0,4,0,7,0,0,1,0,9,2,3,3,0,1,24,7,0,0,0,0,30,7,1,0,0,2,1,0,0,1,0,8,1,0,0,0,5,5,1,1,0,0,27,11,0,0,1,0,elbes001,cuetj001,jansk001,cuetj001,capuc001,,80,Jul 3,@,LAD,"L,1-3",8,7,3,3,0,1,8,0,0,3.46,32,124,83,0,0,1,0,30,1,0,0,1,0,0,0,2,Jeff Nelson,"J.Cueto (4-58-L), L.Ondrusek (1)"
20120704,CIN,NL,81,LAN,NL,83,1,4,51,LOS03,53570,10000,30000001x,31,3,1,0,1,1,0,0,0,1,0,10,0,0,0,0,4,3,3,3,0,0,24,16,1,0,0,0,28,6,2,0,0,3,0,1,1,3,1,6,2,1,0,0,5,3,1,1,0,0,27,6,1,0,0,0,haraa001,leakm001,jansk001,leakm001,haraa001,,81,Jul 4,@,LAD,"L,1-4",8,6,4,3,1,3,6,0,1,3.46,33,121,76,2,1,2,1,28,2,0,1,0,1,0,0,3,Chris Guccione,"M.Leake (4-60-L), B.Bray (6), J.Arredondo (2)"
20120705,CIN,NL,82,SDN,NL,84,1,2,51,SAN02,25181,10000000,11,30,6,1,1,0,1,0,0,0,3,1,12,1,1,1,0,5,4,2,2,0,0,24,10,0,0,1,0,32,9,2,0,1,2,0,0,0,3,1,9,1,0,1,0,9,3,1,1,0,0,27,12,0,0,1,0,streh001,ondrl001,,latom001,volqe001,,82,Jul 5,@,SDP,"L,1-2",8,9,2,2,0,3,9,1,0,3.45,35,137,90,4,1,1,0,32,2,0,1,0,0,0,1,4,Wally Bell,"M.Latos (4-75), S.Marshall (3-BSv), L.Ondrusek (1-L), S.LeCure (6)"
20120706,CIN,NL,83,SDN,NL,85,6,0,54,SAN02,26016,100000221,0,37,12,4,0,3,6,0,0,0,4,0,6,0,0,0,0,8,1,0,0,0,0,27,6,0,0,0,0,30,3,0,0,0,0,0,0,0,1,0,8,0,0,0,0,4,5,6,6,1,0,27,10,0,0,1,0,arrob001,wellk001,,arrob001,wellk001,,83,Jul 6,@,SDP,"W,6-0",9,3,0,0,0,1,8,0,0,3.41,31,110,72,1,1,0,0,30,0,0,0,0,0,0,0,1,Brian Knight,B.Arroyo (4-88-W)
20120707,CIN,NL,84,SDN,NL,86,6,5,54,SAN02,34222,100020300,100011110,35,9,2,0,2,6,1,0,0,1,0,5,1,0,0,0,4,5,3,3,0,0,27,6,2,0,0,0,39,11,1,0,1,5,0,0,0,1,0,14,0,0,0,0,8,4,6,6,0,0,27,15,1,0,0,0,bailh001,richc002,chapa001,bailh001,richc002,,84,Jul 7,@,SDP,"W,6-5",9,11,5,3,2,1,14,1,0,3.4,40,168,109,5,1,0,0,39,1,0,0,0,0,1,0,5,Mike Winters,"H.Bailey (4-56-W), J.Arredondo (2-H), S.Marshall (1-H), L.Ondrusek (1-H), A.Chapman (4-Sv)"
20120708,CIN,NL,85,SDN,NL,87,4,2,54,SAN02,24032,300100,11000,36,10,1,1,2,4,2,0,1,4,3,11,3,0,0,0,12,4,2,2,0,0,27,10,0,0,1,0,33,7,1,0,0,2,0,0,2,4,0,10,0,0,1,0,10,6,4,4,0,0,27,9,0,0,0,0,cuetj001,marqj001,chapa001,cuetj001,marqj001,,85,Jul 8,@,SDP,"W,4-2",9,7,2,2,0,4,10,0,2,3.39,39,163,95,5,0,0,0,33,1,0,0,0,0,0,1,4,Mark Wegner,"J.Cueto (4-50-W), S.LeCure (2-H), S.Marshall (0-H), A.Chapman (0-Sv)"
20120713,SLN,NL,87,CIN,NL,86,3,5,51,CIN09,40217,11000010,00001031x,34,9,1,0,0,3,1,0,0,6,0,11,1,0,2,0,11,4,5,5,0,0,24,12,1,0,0,0,29,7,1,1,1,4,1,1,0,4,1,6,0,0,0,0,6,5,3,3,0,0,27,11,0,0,2,0,simoa001,waina001,chapa001,waina001,latom001,,86,Jul 13,1,STL,"W,5-3",9,9,3,3,0,6,11,0,0,3.38,41,174,111,2,1,1,0,34,1,0,0,1,0,0,2,5,Rob Drake,"M.Latos (7-53), A.Simon (15-W), J.Arredondo (5-H), S.Marshall (4-H), A.Chapman (4-Sv)"
20120714,SLN,NL,88,CIN,NL,87,2,3,58,CIN09,37583,2000,110001,37,8,1,0,1,2,1,0,0,5,1,8,1,0,0,0,11,6,3,3,0,0,28,11,1,0,0,0,37,10,2,0,1,3,1,1,2,1,0,6,0,0,0,0,11,6,2,2,0,0,30,12,1,1,0,0,lecus001,martv002,,lohsk001,leakm001,,87,Jul 14,1,STL,"W,3-2",10,8,2,2,0,5,8,1,0,3.36,43,152,97,7,1,1,0,37,1,0,1,1,0,0,0,6,Andy Fletcher,"M.Leake (9-52), S.Marshall (0-BSv), L.Ondrusek (6), B.Bray (9), A.Chapman (0), S.LeCure (5-W)"
20120715,SLN,NL,89,CIN,NL,88,2,4,51,CIN09,39280,10001000,00200002x,35,9,2,0,1,2,0,0,0,2,0,5,0,0,1,0,8,3,4,4,1,0,24,11,0,0,2,0,32,10,1,0,0,4,0,0,1,2,1,5,0,0,2,0,7,2,1,1,0,0,27,13,1,0,1,0,bailh001,westj001,chapa001,westj001,bailh001,,88,Jul 15,1,STL,"W,4-2",9,9,2,1,1,2,5,1,0,3.33,37,120,82,0,0,0,0,35,2,0,0,0,0,1,1,2,Joe West,"H.Bailey (7-58-W), A.Chapman (0-Sv)"
20120716,ARI,NL,89,CIN,NL,89,5,3,54,CIN09,27735,401000000,120000000,36,13,2,0,1,5,0,0,0,6,0,8,1,0,1,0,10,4,3,3,0,0,27,6,0,0,1,0,34,9,2,0,0,3,1,0,0,1,0,9,0,0,1,0,6,5,5,5,0,0,27,9,0,0,3,0,milew001,arrob001,putzj001,milew001,arrob001,,89,Jul 16,1,ARI,"L,3-5",9,13,5,5,0,6,8,1,0,3.35,42,150,90,0,0,1,0,36,2,0,0,0,0,0,1,5,Dan Bellino,"B.Arroyo (9-24-L), A.Simon (2), B.Bray (1), J.Arredondo (2), L.Ondrusek (1)"
20120717,ARI,NL,90,CIN,NL,90,0,4,51,CIN09,19142,0,10300000x,34,8,1,0,0,0,1,0,0,4,0,9,0,1,0,0,12,4,3,3,2,0,24,9,2,0,1,0,27,5,1,0,1,3,1,0,0,6,0,11,2,1,0,0,6,5,0,0,0,1,27,10,1,0,0,0,cuetj001,bauet001,chapa001,bauet001,cuetj001,,90,Jul 17,1,ARI,"W,4-0",9,8,0,0,0,4,9,0,0,3.31,39,164,102,2,0,0,1,34,1,0,0,1,0,1,0,5,Jerry Layne,"J.Cueto (8-63-W), J.Arredondo (0), S.LeCure (2), S.Marshall (2), A.Chapman (1-Sv)"
20120718,ARI,NL,91,CIN,NL,91,7,1,54,CIN09,26077,200120020,10000000,37,10,3,0,2,6,0,0,0,3,1,9,0,0,0,0,6,2,1,1,0,0,27,7,0,0,0,0,35,8,3,0,0,1,0,0,1,0,0,8,0,0,0,0,8,5,6,6,0,0,27,7,0,1,0,0,kenni001,latom001,,kenni001,latom001,,91,Jul 18,1,ARI,"L,1-7",9,10,7,6,1,3,9,2,0,3.34,40,145,100,5,0,0,0,37,3,0,1,0,0,0,0,5,Vic Carapazza,"M.Latos (4-33-L), S.LeCure (0), B.Bray (1), J.Arredondo (0), L.Ondrusek (1)"
20120719,ARI,NL,92,CIN,NL,92,6,7,51,CIN09,21620,101013000,00000340x,39,14,3,0,2,6,0,0,0,1,0,4,1,2,0,0,7,5,5,5,0,0,24,5,1,0,0,0,31,6,1,0,1,6,0,0,0,5,0,6,0,0,0,0,5,5,6,6,0,0,27,12,0,0,0,0,simoa001,shawb001,chapa001,saunj001,leakm001,,92,Jul 19,1,ARI,"W,7-6",9,14,6,6,0,1,4,2,0,3.37,40,143,89,1,0,1,2,39,3,0,0,0,0,0,0,5,Larry Vanover,"M.Leake (4-23), A.Simon (2-W), L.Ondrusek (0-H), S.Marshall (1-H), A.Chapman (1-Sv)"
20120720,MIL,NL,92,CIN,NL,93,1,3,51,CIN09,30247,10,00010020x,32,6,2,0,0,1,0,0,0,0,0,12,1,0,1,0,4,2,3,3,1,0,24,5,1,0,1,0,31,8,3,0,3,3,0,0,0,1,1,6,0,0,0,0,5,2,1,1,0,0,27,10,0,0,1,0,bailh001,estrm001,chapa001,estrm001,bailh001,,93,Jul 20,1,MIL,"W,3-1",9,6,1,1,0,0,12,0,0,3.35,32,125,87,0,0,1,0,32,2,0,0,0,0,0,1,2,Tim Timmons,"H.Bailey (4-76-W), A.Chapman (0-Sv)"
20120721,MIL,NL,93,CIN,NL,94,2,6,51,CIN09,40090,101000,40000020x,32,6,3,0,0,1,0,0,0,2,0,7,0,0,1,0,5,4,6,6,1,0,24,11,1,0,0,0,32,10,1,1,2,6,0,1,0,2,1,3,1,1,0,0,5,5,2,2,0,1,27,11,0,0,1,0,arrob001,gally001,,gally001,arrob001,,94,Jul 21,1,MIL,"W,6-2",9,6,2,2,0,2,7,0,0,3.33,34,125,87,1,0,0,0,32,3,0,0,0,0,0,1,5,Angel Hernandez,"B.Arroyo (4-58-W), J.Arredondo (2-H), S.Marshall (1-H), S.LeCure (2), L.Ondrusek (1)"
20120722,MIL,NL,94,CIN,NL,95,1,2,51,CIN09,32884,1000000,00200000x,37,10,3,1,0,1,0,0,0,2,1,11,1,0,0,0,11,4,1,1,0,0,24,8,1,0,0,0,29,8,1,0,0,2,1,1,1,0,0,5,2,0,0,0,6,3,1,1,0,0,27,9,0,0,0,0,cuetj001,fierm001,chapa001,fierm001,cuetj001,,95,Jul 22,1,MIL,"W,2-1",9,10,1,1,0,2,11,0,0,3.31,39,149,99,0,0,1,0,37,3,1,1,0,0,0,0,3,Mark Carlson,"J.Cueto (4-65-W), L.Ondrusek (0-H), A.Chapman (1-Sv)"
20120723,CIN,NL,96,HOU,NL,97,8,3,54,HOU03,15538,102000230,20010,46,17,5,0,0,8,0,0,1,3,0,9,2,0,0,0,15,5,3,3,0,0,27,8,0,0,0,0,37,11,2,0,0,3,0,0,1,5,2,6,1,1,0,0,13,6,8,8,0,0,27,6,2,0,0,0,latom001,rodrw002,,latom001,rodrw002,,96,Jul 23,@,HOU,"W,8-3",9,11,3,3,0,5,6,0,1,3.31,43,186,107,4,1,1,1,37,2,0,2,0,0,0,0,5,Lance Barksdale,"M.Latos (4-44-W), J.Arredondo (1-H), B.Bray (4-H), S.LeCure (1-H), S.Marshall (1)"
20120724,CIN,NL,97,HOU,NL,98,4,2,54,HOU03,15908,1003,200000,37,11,1,0,1,4,0,0,0,6,0,7,2,1,0,0,12,2,2,2,0,0,27,11,1,0,1,0,33,8,0,0,1,2,0,0,0,1,0,9,0,1,1,0,5,4,4,4,1,0,27,11,1,0,0,0,leakm001,cordf002,chapa001,leakm001,harrl002,,97,Jul 24,@,HOU,"W,4-2",9,8,2,2,0,1,9,1,0,3.29,34,126,87,0,0,0,1,33,0,0,0,0,0,1,1,2,Gary Cederstrom,"M.Leake (4-65-W), A.Chapman (1-Sv)"
20120725,CIN,NL,98,HOU,NL,99,5,3,54,HOU03,16077,1000013,30,35,10,4,0,0,5,1,0,0,4,1,10,2,0,0,0,8,4,2,2,1,0,27,8,3,0,2,0,33,9,4,0,0,2,0,0,0,5,0,8,2,0,2,0,8,6,5,5,0,0,27,6,0,0,0,0,marss002,cordf002,chapa001,bailh001,norrb001,,98,Jul 25,@,HOU,"W,5-3",9,9,3,2,1,5,8,0,0,3.28,38,159,98,0,0,2,0,33,4,0,0,0,0,0,2,4,Mike Muchlinski,"H.Bailey (4-69), L.Ondrusek (2-BSv), S.Marshall (1-W), A.Chapman (0-Sv)"
20120727,CIN,NL,99,COL,NL,98,3,0,54,DEN02,38214,201000,0,35,9,1,0,0,2,0,1,0,2,1,7,0,0,0,0,8,3,0,0,1,0,27,13,0,0,0,0,35,8,3,0,0,0,0,0,0,0,0,6,0,0,0,0,8,4,3,3,2,0,27,9,0,0,0,0,arrob001,pomed001,chapa001,arrob001,pomed001,,99,Jul 27,@,COL,"W,3-0",9,8,0,0,0,0,6,0,0,3.25,35,120,86,2,0,0,0,35,3,0,0,0,0,0,0,3,Marty Foster,"B.Arroyo (5-65-W), A.Simon (7-H), A.Chapman (1-Sv)"
20120728,CIN,NL,100,COL,NL,99,9,7,54,DEN02,42826,21041010,301010200,32,9,1,0,5,9,2,0,0,4,0,4,0,1,1,0,2,6,6,6,1,0,27,10,2,0,1,0,37,13,2,0,1,6,0,1,1,5,0,6,0,1,1,0,10,5,9,9,0,0,27,16,0,0,1,0,cuetj001,friec001,chapa001,cuetj001,friec001,,100,Jul 28,@,COL,"W,9-7",9,13,7,6,1,5,6,1,1,3.27,44,163,101,3,0,0,1,37,2,0,0,0,1,0,1,6,D.J. Reyburn,"J.Cueto (5-35-W), J.Arredondo (4-H), B.Bray (4), L.Ondrusek (2-H), S.Marshall (2-H), A.Chapman (0-Sv)"
20120729,CIN,NL,101,COL,NL,100,7,2,54,DEN02,29430,111030010,200000000,36,12,3,2,2,7,1,2,0,2,0,12,1,1,0,0,7,2,2,2,0,0,27,12,1,0,1,0,33,6,1,0,1,2,0,0,0,4,0,8,0,0,1,0,8,4,7,7,0,0,27,6,1,0,0,0,latom001,sancj002,,latom001,sancj002,,101,Jul 29,@,COL,"W,7-2",9,6,2,2,0,4,8,1,0,3.26,37,133,89,0,0,0,0,33,1,0,0,0,0,1,1,2,Cory Blaser,"M.Latos (5-71-W), S.LeCure (5)"
20120730,SDN,NL,104,CIN,NL,102,11,5,54,CIN09,28140,54100010,301010000,36,11,3,1,1,10,1,1,0,11,0,6,1,0,0,0,11,6,5,5,2,0,27,10,0,0,0,0,34,7,3,0,2,5,0,0,0,6,0,8,1,0,0,0,8,5,11,11,1,0,27,8,1,0,0,0,volqe001,leakm001,,volqe001,leakm001,,102,Jul 30,1,SDP,"L,5-11",9,11,11,11,0,11,6,1,0,3.34,49,190,100,2,0,1,0,36,3,1,0,1,1,0,0,5,Chad Fairchild,"M.Leake (5-23-L), A.Simon (2), B.Bray (1), J.Arredondo (1), L.Ondrusek (1)"
20120731,SDN,NL,105,CIN,NL,103,6,7,51,CIN09,20356,600000,10500010x,36,10,1,2,1,6,0,0,0,3,0,7,1,0,2,0,6,3,7,7,0,0,24,10,1,0,0,0,34,9,1,0,3,7,0,0,0,3,0,6,2,0,0,0,6,4,6,6,0,0,27,12,1,0,2,0,marss002,marqj001,chapa001,marqj001,bailh001,,103,Jul 31,1,SDP,"W,7-6",9,10,6,6,0,3,7,1,0,3.36,39,156,102,2,0,1,0,36,1,2,0,0,0,1,2,4,Alfonso Marquez,"H.Bailey (5-19), S.LeCure (1), S.Marshall (2-W), A.Chapman (2-Sv)"
20120801,SDN,NL,106,CIN,NL,104,4,6,51,CIN09,20527,200200000,30002010x,35,8,1,0,1,4,0,0,1,2,0,3,1,1,0,0,7,5,6,6,1,0,24,9,0,0,1,0,30,9,2,0,2,6,0,0,0,7,1,5,0,1,0,0,7,4,4,4,0,0,27,12,1,0,0,0,arrob001,wellk001,chapa001,wellk001,arrob001,,104,Aug 1,1,SDP,"W,6-4",9,8,4,4,0,2,3,1,1,3.37,38,135,84,0,0,1,1,35,1,0,0,0,0,1,0,4,Tom Hallion,"B.Arroyo (4-41-W), S.Marshall (0-H), J.Broxton (7-H), A.Chapman (0-Sv)"
20120802,SDN,NL,107,CIN,NL,105,4,9,51,CIN09,22396,3100000,06020001x,34,8,0,0,2,4,0,0,0,2,0,10,0,0,1,0,5,4,8,8,0,1,24,7,1,0,0,0,37,13,1,0,1,8,1,0,0,4,0,12,1,0,0,0,9,3,4,4,0,0,27,9,0,0,1,0,cuetj001,ohler001,,ohler001,cuetj001,,105,Aug 2,1,SDP,"W,9-4",9,8,4,4,0,2,10,2,0,3.38,36,128,88,1,0,0,0,34,0,0,0,0,0,0,1,3,Brian O'Nora,"J.Cueto (4-54-W), L.Ondrusek (2), J.Arredondo (2)"
20120803,PIT,NL,105,CIN,NL,106,0,3,51,CIN09,40829,0,01002000x,27,4,0,0,0,0,0,0,1,3,0,7,1,1,3,0,4,2,3,3,0,0,24,7,0,0,1,0,30,7,0,0,2,3,0,0,0,0,0,5,0,0,1,0,3,3,0,0,1,0,27,17,0,1,3,0,latom001,rodrw002,chapa001,rodrw002,latom001,,106,Aug 3,1,PIT,"W,3-0",9,4,0,0,0,3,7,0,1,3.34,31,122,82,2,0,1,1,27,0,0,0,0,0,0,3,3,Bob Davidson,"M.Latos (4-72-W), J.Broxton (1-H), A.Chapman (1-Sv)"
20120804,PIT,NL,106,CIN,NL,107,4,5,51,CIN09,41577,11101000,20200001x,33,8,1,1,2,4,0,2,1,1,0,10,0,0,1,0,6,2,4,4,0,0,24,8,1,0,0,0,33,9,1,1,0,5,0,0,0,2,1,7,1,0,0,0,6,4,4,4,2,0,27,9,1,0,1,0,broxj001,hughj001,chapa001,mcdoj004,leakm001,,107,Aug 4,1,PIT,"W,5-4",9,8,4,4,0,1,10,2,1,3.35,37,152,105,0,0,0,0,33,1,1,0,0,2,0,1,4,Brian Gorman,"M.Leake (4-50), S.Marshall (2), J.Broxton (0-W), A.Chapman (0-Sv)"
20120805,PIT,NL,107,CIN,NL,108,6,2,54,CIN09,38624,20200002,101000000,41,15,0,1,2,5,1,0,2,1,0,11,0,0,0,0,12,2,2,2,0,0,27,16,0,0,0,0,29,3,1,0,1,2,0,0,0,3,0,7,1,1,0,0,3,4,5,5,0,0,27,6,2,0,0,0,burna001,bailh001,hanrj001,burna001,bailh001,,108,Aug 5,1,PIT,"L,2-6",9,15,6,5,1,1,11,2,2,3.36,45,167,121,3,0,0,0,41,0,1,0,1,0,1,0,4,Todd Tichenor,"H.Bailey (4-32-L), J.Arredondo (2), A.Simon (5), L.Ondrusek (2)"
20120806,CIN,NL,109,MIL,NL,108,3,6,51,MIL06,31319,120,00001401x,35,9,2,0,1,3,0,1,0,4,0,5,1,0,0,0,10,3,5,5,0,0,24,8,0,1,1,0,35,12,3,0,3,6,0,0,0,0,0,7,0,0,1,0,5,3,3,3,0,0,27,5,0,0,0,0,gally001,arrob001,axfoj001,arrob001,gally001,,109,Aug 6,@,MIL,"L,3-6",8,12,6,5,1,0,7,3,0,3.38,35,111,83,0,0,0,0,35,3,0,0,0,0,0,1,3,Bill Welke,"B.Arroyo (4-33-L), S.LeCure (5), J.Arredondo (0)"
20120807,CIN,NL,110,MIL,NL,109,1,3,51,MIL06,41213,100,20000010x,29,3,1,0,0,1,0,1,0,0,0,8,0,0,0,0,2,3,3,3,0,0,24,9,0,0,0,0,32,8,1,0,1,3,0,0,0,0,0,10,0,0,0,0,5,2,1,1,0,0,27,5,0,0,0,0,fierm001,cuetj001,hendj001,cuetj001,fierm001,,110,Aug 7,@,MIL,"L,1-3",8,8,3,3,0,0,10,1,0,3.38,32,116,84,1,0,0,0,32,1,0,0,0,0,0,0,3,Chris Guccione,"J.Cueto (4-62-L), S.Marshall (2), S.LeCure (0)"
20120808,CIN,NL,111,MIL,NL,110,2,3,51,MIL06,33788,2000000,00000102x,33,6,0,0,1,2,0,0,0,4,0,11,1,0,0,0,8,3,3,3,0,0,24,9,1,0,0,0,30,6,1,0,1,3,0,0,0,2,1,8,2,0,0,0,5,4,2,2,0,0,27,9,0,0,0,0,axfoj001,broxj001,hendj001,latom001,wolfr001,,111,Aug 8,@,MIL,"L,2-3",8,6,3,3,0,2,8,1,0,3.38,32,129,84,1,0,2,0,30,1,0,1,0,0,0,0,3,Angel Campos,"M.Latos (4-74), J.Broxton (3-BL), L.Ondrusek (2)"
20120809,CIN,NL,112,CHN,NL,110,3,5,51,CHI11,33397,200100000,10000202x,35,8,2,0,2,3,0,0,0,3,0,5,0,0,1,0,8,4,5,5,0,0,24,7,1,0,1,0,30,7,3,0,1,5,0,0,0,3,0,9,0,0,0,0,4,4,3,3,1,0,27,18,1,0,1,0,camps002,marss002,marmc001,leakm001,volsc001,,112,Aug 9,@,CHC,"L,3-5",8,7,5,5,0,3,9,1,0,3.4,33,146,95,1,1,0,0,30,3,0,0,0,0,0,0,4,Jeff Nelson,"M.Leake (4-51), J.Arredondo (2), S.Marshall (1-L), L.Ondrusek (0)"
20120810,CIN,NL,113,CHN,NL,111,10,8,54,CHI11,36891,23003011,102001220,45,15,4,0,1,8,0,0,0,5,1,4,3,0,0,0,13,6,8,8,1,0,27,13,0,0,1,0,38,13,5,0,0,8,0,0,0,4,0,8,2,0,1,0,7,5,8,8,2,0,27,10,5,1,0,0,bailh001,germj001,chapa001,bailh001,germj001,,113,Aug 10,@,CHC,"W,10-8",9,13,8,8,0,4,8,0,0,3.44,42,173,104,4,2,2,0,38,5,0,0,0,0,0,1,6,Alan Porter,"H.Bailey (4-38-W), J.Arredondo (0), S.Marshall (0), S.LeCure (2-H), J.Broxton (1-H), A.Chapman (5-Sv)"
20120811,CIN,NL,114,CHN,NL,112,4,2,54,CHI11,40602,100030,20000000,37,12,4,0,0,4,1,0,1,1,0,8,1,0,0,0,9,2,2,2,0,0,27,7,0,0,0,0,32,5,1,0,0,2,0,0,0,1,0,6,0,0,0,0,4,3,4,4,0,0,27,8,0,0,1,0,arrob001,russj003,chapa001,arrob001,woodt004,,114,Aug 11,@,CHC,"W,4-2",9,5,2,2,0,1,6,0,0,3.43,33,117,85,0,0,0,0,32,1,0,0,0,0,0,0,2,Jim Wolf,"B.Arroyo (4-67-W), A.Chapman (0-Sv)"
20120812,CIN,NL,115,CHN,NL,113,3,0,54,CHI11,35461,21000,0,32,6,1,0,2,3,1,0,1,2,0,5,1,0,0,0,6,2,0,0,0,0,27,5,0,0,1,0,30,4,0,0,0,0,0,0,0,2,0,4,0,0,1,0,5,4,3,3,0,0,27,11,0,0,0,0,cuetj001,raleb001,chapa001,cuetj001,raleb001,,115,Aug 12,@,CHC,"W,3-0",9,4,0,0,0,2,4,0,0,3.4,32,130,84,0,0,0,0,30,0,0,0,0,0,0,1,2,Ron Kulpa,"J.Cueto (4-77-W), A.Chapman (0-Sv)"
20120814,NYN,NL,116,CIN,NL,116,0,3,51,CIN09,26113,0,3,30,6,1,0,0,0,2,0,0,4,1,6,1,1,0,1,10,6,3,3,1,0,24,6,0,0,1,0,33,11,4,0,1,3,1,0,0,7,1,7,0,0,0,0,14,3,0,0,0,0,27,6,1,0,1,0,arrej001,acosm001,,younc003,latom001,,116,Aug 14,1,NYM,"W,3-0",9,6,0,0,0,4,6,0,0,3.37,37,137,89,0,0,1,1,30,1,0,1,2,0,0,0,3,Jim Reynolds,"M.Latos (5-69), S.Marshall (3), J.Arredondo (3-W)"
20120815,NYN,NL,117,CIN,NL,117,1,6,51,CIN09,26082,100000,10020210x,30,4,0,0,0,0,0,0,0,0,0,4,0,0,1,0,2,2,6,6,1,0,24,9,0,3,2,0,33,13,4,0,3,6,1,0,0,2,0,10,2,0,2,0,6,1,1,1,1,0,27,10,0,0,1,0,leakm001,dickr001,,dickr001,leakm001,,117,Aug 15,1,NYM,"W,6-1",9,4,1,1,0,0,4,0,0,3.35,30,111,70,1,1,0,0,30,0,0,0,0,0,0,1,1,James Hoye,M.Leake (5-79-W)
20120816,NYN,NL,118,CIN,NL,118,8,4,54,CIN09,23137,303002,103,37,9,3,0,2,7,1,0,0,5,1,9,0,0,0,0,8,4,4,4,0,0,27,7,0,0,0,0,35,8,4,0,1,4,0,0,1,2,0,11,0,0,0,0,7,4,5,5,1,0,27,10,3,0,0,0,harvm001,bailh001,raucj001,harvm001,bailh001,,118,Aug 16,1,NYM,"L,4-8",9,9,8,5,3,5,9,2,0,3.36,43,142,90,1,0,0,0,37,3,0,1,1,0,2,0,4,Jim Joyce,"H.Bailey (5-36-L), A.Simon (10), L.Ondrusek (6), J.Arredondo (1)"
20120817,CHN,NL,117,CIN,NL,119,3,7,51,CIN09,35332,10200000,01051000x,37,11,2,0,1,2,0,0,0,3,0,5,0,0,0,0,10,3,6,6,0,0,24,13,2,0,1,0,33,10,2,1,3,6,0,0,1,0,0,5,1,0,1,0,3,4,3,3,1,0,27,14,1,0,0,0,arrob001,woodt004,,woodt004,arrob001,,119,Aug 17,1,CHC,"W,7-3",9,11,3,3,0,3,5,1,0,3.36,40,141,91,2,0,0,0,37,2,0,0,0,0,1,0,4,Tim Welke,"B.Arroyo (5-43-W), J.Arredondo (0-H), J.Broxton (6), A.Chapman (4)"
20120818,CHN,NL,118,CIN,NL,120,3,5,51,CIN09,28754,200000001,02020001x,32,5,0,0,1,3,0,0,1,1,0,10,0,0,0,0,4,4,5,5,1,1,24,7,1,0,0,0,31,8,1,1,3,5,0,1,1,3,0,7,0,0,0,0,7,2,3,3,0,0,27,8,0,0,0,0,cuetj001,samaj001,chapa001,samaj001,cuetj001,,120,1,1,CHC,"W,5-3",9,5,3,3,0,1,10,1,1,3.36,34,133,89,0,0,0,0,32,0,0,0,0,0,0,0,2,Paul Schrieber,"J.Cueto (5-76-W), A.Chapman (0-Sv)"
20120818,CHN,NL,119,CIN,NL,121,9,7,54,CIN09,41236,10313001,10012210,41,13,3,1,2,9,0,0,0,5,0,11,3,0,1,0,10,5,6,6,0,0,27,6,1,0,0,0,39,11,2,1,2,7,0,0,0,2,0,8,0,0,0,0,7,5,7,7,0,0,27,7,2,0,1,0,raleb001,redmt002,marmc001,raleb001,redmt002,,121,1,1,CHC,"L,7-9",9,13,9,7,2,5,11,2,0,3.39,46,185,119,2,1,3,0,41,3,1,0,0,0,1,1,5,Mike Everitt,"T.Redmond (99-27-L), A.Simon (1), S.LeCure (7), S.Marshall (3), L.Ondrusek (1)"
20120819,CHN,NL,120,CIN,NL,122,4,5,51,CIN09,41615,1002010,100300001,30,7,2,0,0,4,1,1,0,3,0,8,0,2,2,0,4,4,5,5,0,0,24,11,0,0,1,0,32,10,0,1,0,5,0,1,0,2,0,5,1,0,1,0,6,2,2,2,0,0,27,13,3,0,2,0,chapa001,camps002,,volsc001,latom001,,122,Aug 19,1,CHC,"W,5-4",9,7,4,2,2,3,8,0,0,3.38,35,123,77,0,0,0,2,30,2,0,0,1,1,3,2,2,Laz Diaz,"M.Latos (4-61), A.Chapman (0-W)"
20120820,CIN,NL,123,PHI,NL,122,5,12,51,PHI13,44341,200030000,10114311x,34,12,3,0,0,4,1,0,0,2,0,6,0,2,1,0,5,4,12,12,0,0,24,8,0,0,0,0,37,15,4,0,3,12,1,2,1,4,2,8,2,0,0,0,9,4,5,5,0,0,27,18,0,0,1,0,hallr001,leakm001,,leakm001,hallr001,,123,Aug 20,@,PHI,"L,5-12",8,15,12,12,0,4,8,3,1,3.45,45,170,102,3,2,2,0,37,4,0,2,1,2,0,0,4,Bill Miller,"M.Leake (4-18-L), S.LeCure (1), J.Arredondo (2), L.Ondrusek (1)"
20120821,CIN,NL,124,PHI,NL,123,5,4,54,PHI13,45091,311,100000210,37,11,3,0,2,5,0,1,0,2,0,13,0,0,1,0,8,4,3,3,0,0,27,12,1,0,2,0,36,11,2,1,0,4,0,0,1,2,0,8,2,1,2,0,8,4,4,4,0,0,27,4,2,0,1,0,broxj001,papej001,chapa001,bailh001,lee-c003,,124,Aug 21,@,PHI,"W,5-4",9,11,4,3,1,2,8,0,1,3.45,39,143,86,2,2,2,1,36,2,1,0,0,0,1,2,4,Dan Iassogna,"H.Bailey (4-55), S.Marshall (2-BSv), J.Broxton (3-BW), A.Chapman (1-Sv)"
20120822,CIN,NL,125,PHI,NL,124,3,2,54,PHI13,41794,20010,10001,35,11,0,1,1,3,1,0,1,2,0,5,0,0,1,0,9,2,2,2,1,0,27,12,1,0,1,0,31,4,1,0,1,2,0,0,0,0,0,4,0,0,1,0,2,3,3,3,0,0,27,9,1,0,2,0,arrob001,worlv001,chapa001,arrob001,worlv001,,125,Aug 22,@,PHI,"W,3-2",9,4,2,2,0,0,4,1,0,3.43,31,106,74,1,1,0,0,31,1,0,0,0,0,1,1,2,CB Bucknor,"B.Arroyo (4-72-W), A.Chapman (0-Sv)"
20120823,CIN,NL,126,PHI,NL,125,3,4,64,PHI13,41972,10000200000,201001,38,6,1,0,0,3,1,0,0,5,1,8,0,0,0,0,8,6,4,4,0,1,31,13,1,0,1,0,39,14,3,0,0,4,2,3,1,6,1,7,0,0,1,0,16,6,3,3,0,0,33,12,1,0,0,0,valdr002,simoa001,,cuetj001,hamec001,,126,Aug 23,@,PHI,"L,3-4",10.1,14,4,4,0,6,7,0,1,3.44,51,220,140,4,3,0,0,39,3,0,1,2,3,1,1,6,Cory Blaser,"J.Cueto (4-50), J.Arredondo (2-H), S.Marshall (1-H), S.LeCure (2-BSv), J.Hoover (63), A.Simon (4-L)"
20120824,SLN,NL,125,CIN,NL,127,8,5,54,CIN09,36162,10106000,211010000,38,14,0,0,2,7,0,1,1,2,0,6,1,0,2,0,7,6,5,5,0,0,27,6,1,0,1,0,39,13,2,0,0,4,0,1,0,3,1,14,0,0,1,0,11,3,8,8,4,0,27,13,0,0,2,0,kellj001,latom001,mottj001,lynnl001,latom001,,127,Aug 24,1,STL,"L,5-8",9,14,8,8,0,2,6,2,1,3.47,42,154,99,1,1,1,0,38,0,0,0,0,1,0,2,3,Jordan Baker,"M.Latos (4-25-L), A.Simon (0), S.LeCure (0)"
20120825,SLN,NL,126,CIN,NL,128,2,8,51,CIN09,41680,10100,00100340x,35,11,1,0,0,1,0,1,0,0,0,8,0,0,2,0,7,3,8,8,0,0,24,8,0,0,1,0,35,12,2,0,2,8,0,0,0,4,0,7,0,0,1,0,7,4,2,2,0,0,27,11,0,0,2,0,leakm001,garcj004,,garcj004,leakm001,,128,Aug 25,1,STL,"W,8-2",9,11,2,2,0,0,8,0,0,3.46,36,118,79,1,0,0,0,35,1,0,0,0,1,0,2,4,Ted Barrett,"M.Leake (4-49-W), S.Marshall (1-H), J.Broxton (3), J.Hoover (1)"
20120826,SLN,NL,127,CIN,NL,129,8,2,54,CIN09,31564,3002201,2000,43,17,3,1,1,8,0,0,0,0,0,7,0,1,0,0,8,5,2,2,0,0,27,15,0,0,1,0,32,7,1,0,0,2,0,0,1,0,0,3,0,0,1,0,4,4,8,8,0,0,27,6,0,0,0,0,waina001,bailh001,,waina001,bailh001,,129,Aug 26,1,STL,"L,2-8",9,17,8,8,0,0,7,1,0,3.5,43,161,110,2,0,0,1,43,3,1,0,0,0,0,0,4,Brian Runge,"H.Bailey (4-37-L), S.Marshall (0), S.LeCure (1), J.Arredondo (2)"
20120827,CIN,NL,130,ARI,NL,129,3,2,54,PHO01,17966,1101000,10100000,34,6,2,0,1,2,0,0,2,2,0,9,0,0,0,0,8,4,2,2,0,0,27,14,0,0,1,0,30,5,1,0,1,2,1,0,0,1,0,5,0,0,1,0,3,4,2,2,1,0,27,10,1,0,0,0,arrob001,skagt001,chapa001,arrob001,skagt001,,130,Aug 27,@,ARI,"W,3-2",9,5,2,2,0,1,5,1,0,3.48,32,141,92,0,0,0,0,30,1,0,0,1,0,0,1,4,Jim Wolf,"B.Arroyo (4-56-W), S.Marshall (0-H), J.Broxton (1-H), A.Chapman (4-Sv)"
20120828,CIN,NL,131,ARI,NL,130,5,2,54,PHO01,20550,30000020,100010000,36,9,1,1,0,4,1,0,0,1,0,6,1,0,0,0,6,3,2,2,1,0,27,12,0,0,0,0,30,4,3,0,0,2,0,1,0,2,0,6,0,0,0,0,4,3,5,5,1,0,27,8,1,0,0,0,cuetj001,milew001,chapa001,cuetj001,milew001,,131,Aug 28,@,ARI,"W,5-2",9,4,2,2,0,2,6,0,0,3.47,33,134,95,0,0,0,0,30,3,0,0,0,1,0,0,3,Alan Porter,"J.Cueto (4-65-W), J.Broxton (0-H), A.Chapman (0-Sv)"
20120829,CIN,NL,132,ARI,NL,131,6,2,54,PHO01,18451,330,100100000,37,11,1,0,4,6,0,0,0,1,0,10,1,0,1,0,5,3,2,2,0,1,27,9,0,0,0,0,32,6,1,0,0,1,0,0,0,3,1,10,0,0,0,0,6,4,6,6,0,0,27,10,1,0,1,0,latom001,corbp001,,latom001,corbp001,,132,Aug 29,@,ARI,"W,6-2",9,6,2,2,0,3,10,0,0,3.46,35,153,98,0,0,0,0,32,1,0,1,0,0,0,0,3,Ron Kulpa,"M.Latos (4-63-W), J.Hoover (3), J.Arredondo (2)"
20120831,CIN,NL,133,HOU,NL,132,9,3,54,HOU03,15287,2040120,200010,37,13,3,0,2,9,1,0,0,4,0,5,1,0,2,0,6,3,3,3,1,0,27,11,1,0,0,0,34,9,3,0,2,3,0,1,0,2,0,7,0,1,0,0,7,5,9,9,1,0,27,12,1,0,2,0,leakm001,abadf001,,leakm001,abadf001,,133,Aug 31,@,HOU,"W,9-3",9,9,3,3,0,2,7,2,0,3.46,37,142,94,0,0,0,1,34,3,0,0,0,1,0,0,3,Sam Holbrook,"M.Leake (5-54-W), S.LeCure (4), A.Simon (6)"
20120901,CIN,NL,134,HOU,NL,133,1,2,53,HOU03,18316,100000000,100001,32,7,2,0,0,1,0,1,0,2,0,8,0,0,1,0,7,2,1,1,0,0,26,8,1,0,0,0,31,4,1,0,1,1,0,0,2,2,1,10,0,0,0,0,7,4,1,1,0,0,27,13,0,0,1,0,lopew001,marss002,,bailh001,harrl002,,134,Sep 1,@,HOU,"L,1-2",8.2,4,2,1,1,2,10,1,2,3.44,35,127,76,0,0,0,0,31,1,0,1,0,0,1,0,2,Andy Fletcher,"H.Bailey (5-80), S.Marshall (4-L)"
20120902,CIN,NL,135,HOU,NL,134,5,3,54,HOU03,17291,50,10200,37,9,2,0,1,5,0,0,0,2,0,10,1,0,1,0,7,4,3,3,0,0,27,13,0,0,0,0,30,5,2,1,1,3,0,0,0,2,0,8,0,1,0,0,2,6,5,5,0,0,27,6,2,0,1,0,arrej001,cedex001,chapa001,arrob001,norrb001,,135,Sep 2,@,HOU,"W,5-3",9,5,3,3,0,2,8,1,0,3.44,32,130,81,0,0,0,1,30,2,1,0,0,0,0,0,4,Rob Drake,"B.Arroyo (5-63), J.Arredondo (3-W), J.Broxton (4-H), A.Chapman (4-Sv)"
20120903,PHI,NL,135,CIN,NL,136,4,2,54,CIN09,22487,31000,10000001,35,8,0,0,2,4,0,0,0,0,0,7,0,0,0,0,4,3,2,2,0,0,27,8,0,0,1,0,32,6,1,0,1,2,0,0,0,1,0,9,0,0,1,0,4,3,4,4,0,0,27,11,0,0,0,0,cloyt001,cuetj001,aumop001,cloyt001,cuetj001,,136,Sep 3,1,PHI,"L,2-4",9,8,4,4,0,0,7,2,0,3.44,35,121,87,0,0,0,0,35,0,0,0,0,0,0,0,3,Jeff Nelson,"J.Cueto (5-50-L), J.Hoover (4), L.Ondrusek (13)"
20120904,PHI,NL,136,CIN,NL,137,1,2,51,CIN09,17806,100000,00000200x,30,4,2,0,0,1,0,0,1,3,0,8,0,0,0,0,6,5,2,2,0,0,24,13,0,0,0,0,29,7,1,0,1,2,1,0,0,4,0,6,1,0,0,0,8,3,1,1,0,0,27,9,0,0,1,0,latom001,kendk001,chapa001,kendk001,latom001,,137,Sep 4,1,PHI,"W,2-1",9,4,1,1,0,3,8,0,1,3.42,34,132,82,0,0,0,0,30,2,0,0,0,0,0,0,3,Bill Welke,"M.Latos (5-69-W), J.Broxton (1-H), A.Chapman (1-Sv)"
20120905,PHI,NL,137,CIN,NL,138,6,2,54,CIN09,19267,42000000,100001,33,7,1,0,2,6,0,0,1,1,0,7,0,0,1,0,2,3,2,2,0,0,27,11,0,0,2,0,35,10,3,0,1,2,0,0,0,1,0,8,0,0,2,0,7,5,6,6,0,0,27,9,0,0,1,0,hallr001,leakm001,,hallr001,leakm001,,138,Sep 5,1,PHI,"L,2-6",9,7,6,6,0,1,7,2,1,3.44,35,132,92,1,0,0,0,33,1,0,0,0,0,0,1,5,Chris Guccione,"M.Leake (4-21-L), A.Simon (4), S.LeCure (4), S.Marshall (3), P.Villarreal (99)"
20120907,HOU,NL,138,CIN,NL,139,5,3,54,CIN09,23785,200000003,200010000,37,9,0,0,2,5,0,0,2,1,0,11,2,0,0,0,8,5,3,3,0,0,27,11,0,0,3,0,34,10,0,1,0,3,0,0,0,4,1,7,0,0,2,0,8,4,5,5,0,0,27,8,2,0,0,0,ambrh001,chapa001,lopew001,harrl002,bailh001,,139,Sep 7,1,HOU,"L,3-5",9,9,5,5,0,1,11,2,2,3.45,40,161,111,1,0,2,0,37,0,0,0,0,0,1,0,4,Gary Cederstrom,"H.Bailey (5-64), S.Marshall (1-H), J.Broxton (2-H), A.Chapman (2-BL)"
20120908,HOU,NL,139,CIN,NL,140,1,5,51,CIN09,35018,100000000,01100300x,34,9,1,0,0,1,0,0,0,3,0,7,0,1,2,0,9,4,5,5,0,0,24,5,1,0,0,0,31,8,1,0,2,4,0,0,2,5,1,7,2,0,0,0,9,3,1,1,0,0,27,10,1,0,2,0,arrob001,norrb001,,norrb001,arrob001,,140,Sep 8,1,HOU,"W,5-1",9,9,1,1,0,3,7,0,0,3.44,37,138,93,0,0,0,1,34,1,0,0,0,0,1,2,3,Lance Barksdale,"B.Arroyo (5-62-W), S.Marshall (0), J.Broxton (0)"
20120909,HOU,NL,140,CIN,NL,141,5,1,54,CIN09,33438,103001000,100000,37,12,0,0,2,5,0,1,0,1,0,12,1,0,1,0,7,4,1,1,0,0,27,8,0,0,0,0,32,5,1,1,0,1,0,0,0,2,0,14,1,0,0,0,6,4,5,5,0,0,27,9,0,0,1,0,gonze001,cuetj001,,gonze001,cuetj001,,141,Sep 9,1,HOU,"L,1-5",9,12,5,5,0,1,12,2,0,3.45,39,162,108,0,0,1,0,37,0,0,0,0,1,0,1,4,Fieldin Culbreth,"J.Cueto (5-33-L), T.Cingrani (99), L.Ondrusek (5), J.Arredondo (6)"
20120910,PIT,NL,140,CIN,NL,142,3,4,83,CIN09,16577,30000000000,10020000001,50,9,3,0,1,3,0,0,1,9,0,13,0,0,1,0,15,7,4,4,2,0,41,15,0,0,0,0,48,8,1,0,1,4,2,0,1,7,1,13,1,0,0,0,13,8,3,3,0,0,42,12,0,1,1,0,simoa001,vandr001,,rodrw002,latom001,,142,Sep 10,1,PIT,"W,4-3",14,9,3,3,0,9,13,1,1,3.43,60,240,141,4,0,0,0,50,3,0,0,0,0,0,1,8,Phil Cuzzi,"M.Latos (5-51), J.Arredondo (0), S.Marshall (1), J.Broxton (1), A.Chapman (2), S.LeCure (4), J.Hoover (6), A.Simon (4-W)"
20120911,PIT,NL,141,CIN,NL,143,3,5,51,CIN09,19620,100000200,13000001x,34,11,3,0,2,3,0,0,0,1,0,5,0,0,3,0,5,2,4,4,1,0,24,12,1,0,0,0,32,9,1,0,2,3,1,0,0,3,0,3,0,0,0,0,7,4,3,3,0,0,27,11,0,0,3,0,leakm001,corrk001,broxj001,corrk001,leakm001,,143,Sep 11,1,PIT,"W,5-3",9,11,3,3,0,1,5,2,0,3.43,35,113,83,1,0,0,0,34,3,0,0,0,0,0,3,4,Gerry Davis,"M.Leake (5-49-W), L.Ondrusek (1-H), S.Marshall (0-H), J.Broxton (0-Sv)"
20120912,PIT,NL,142,CIN,NL,144,1,2,51,CIN09,21203,100000,00100100x,33,7,0,1,0,1,0,0,0,2,1,5,0,1,0,0,7,4,2,2,1,0,24,10,1,0,0,0,29,6,1,0,0,2,0,1,0,3,0,11,1,0,0,0,7,3,1,1,0,0,27,10,0,0,0,0,bailh001,burna001,hoovj002,burna001,bailh001,,144,Sep 12,1,PIT,"W,2-1",9,7,1,1,0,2,5,0,0,3.41,35,146,100,0,0,0,1,33,0,1,1,0,0,0,0,3,Manny Gonzalez,"H.Bailey (4-63-W), S.LeCure (1-H), J.Hoover (1-Sv)"
20120914,CIN,NL,145,MIA,NL,145,0,4,51,MIA02,27111,0,00112000x,29,3,1,0,0,0,0,0,0,3,0,3,0,0,1,0,5,3,4,4,0,0,24,6,0,0,1,0,31,9,1,0,1,3,0,0,0,3,0,8,0,0,1,0,6,3,0,0,1,0,27,11,0,0,1,0,turnj002,arrob001,,arrob001,turnj002,,145,Sep 14,@,MIA,"L,0-4",8,9,4,4,0,3,8,1,0,3.42,34,129,83,0,0,0,0,31,1,0,0,0,0,0,1,3,Brian O'Nora,"B.Arroyo (5-42-L), L.Ondrusek (2), A.Simon (3)"
20120915,CIN,NL,146,MIA,NL,146,4,6,51,MIA02,27502,1100020,30003000x,35,8,1,1,1,4,1,0,0,0,0,9,0,0,0,0,5,5,6,6,0,0,24,5,2,0,0,0,33,10,3,2,1,6,0,1,0,4,0,8,0,2,0,0,8,3,4,4,0,0,27,7,2,0,0,0,buehm001,cuetj001,cishs001,cuetj001,buehm001,,146,Sep 15,@,MIA,"L,4-6",8,10,6,6,0,4,8,1,0,3.44,38,169,103,1,0,0,2,33,3,2,0,0,1,2,0,5,Chad Fairchild,"J.Cueto (5-21-L), T.Cingrani (5), J.Arredondo (4), J.Hoover (2), S.Marshall (3)"
20120916,CIN,NL,147,MIA,NL,147,5,4,66,MIA02,24983,1011100001,20011000,49,17,1,0,0,5,1,0,0,2,1,6,2,0,1,0,14,5,4,4,0,0,33,11,0,0,1,0,37,8,2,1,0,4,1,1,0,5,1,14,0,0,1,0,7,9,5,5,0,0,33,13,1,0,1,0,ondrl001,zambc001,broxj001,latom001,nolar001,,147,Sep 16,@,MIA,"W,5-4",11,8,4,4,0,5,14,0,0,3.44,44,167,108,4,0,0,0,37,2,1,1,1,1,0,1,5,Alfonso Marquez,"M.Latos (5-54), S.LeCure (3), S.Marshall (0), L.Ondrusek (1-W), J.Broxton (4-Sv)"
20120918,CIN,NL,148,CHN,NL,148,3,1,54,CHI11,32547,3000,10,30,4,2,0,0,3,0,0,1,5,0,7,1,1,0,0,6,3,1,1,0,0,27,9,0,0,1,0,29,4,1,0,0,1,1,0,1,2,0,6,0,0,1,0,5,4,3,3,2,0,27,10,0,0,0,0,bailh001,germj001,broxj001,bailh001,germj001,,148,Sep 18,@,CHC,"W,3-1",9,4,1,1,0,2,6,0,1,3.42,33,133,83,1,0,0,0,29,1,0,0,1,0,0,1,3,Tim Welke,"H.Bailey (5-68-W), S.Marshall (1-H), J.Broxton (1-Sv)"
20120919,CIN,NL,149,CHN,NL,149,6,5,66,CHI11,31001,10301000001,10301000,43,13,2,0,0,6,0,0,2,5,1,5,1,0,2,0,11,6,5,5,1,0,33,15,1,0,1,0,41,9,1,0,1,5,0,0,0,7,0,9,0,0,1,0,10,7,5,5,0,0,33,13,1,0,4,0,ondrl001,cabra003,broxj001,leakm001,rusic001,,149,Sep 19,@,CHC,"W,6-5",11,9,5,5,0,7,9,1,0,3.42,48,191,115,3,0,0,0,41,1,0,0,0,0,0,1,6,Paul Schrieber,"M.Leake (7-43), J.Arredondo (3-H), J.Hoover (3-BSv), S.LeCure (2), L.Ondrusek (2-W), J.Broxton (0-Sv)"
20120920,CIN,NL,150,CHN,NL,150,5,3,54,CHI11,25891,500,111,36,9,3,0,0,5,0,0,0,4,1,7,0,0,0,0,8,5,3,3,0,0,27,13,0,0,2,0,35,11,1,1,1,3,0,0,0,6,1,4,0,0,2,0,11,4,5,5,1,0,27,11,0,0,1,0,cuetj001,corpm001,simoa001,cuetj001,berkj001,,150,Sep 20,@,CHC,"W,5-3",9,11,3,3,0,6,4,1,0,3.42,41,152,89,3,1,0,0,35,1,1,1,0,0,0,2,5,Mike Everitt,"J.Cueto (4-60-W), J.Arredondo (0), S.Marshall (1), L.Ondrusek (0), A.Simon (5-Sv)"
20120921,LAN,NL,151,CIN,NL,151,3,1,60,CIN09,35397,100000002,100000,35,7,0,0,0,3,2,0,2,1,0,6,1,0,1,0,7,6,1,1,0,0,30,7,0,0,0,0,34,4,1,0,0,1,0,0,0,4,2,14,1,0,0,0,7,4,3,3,0,0,30,12,0,0,1,0,belir001,lecus001,leagb001,blanj001,arrob001,,151,Sep 21,1,LAD,"L,1-3",10,7,3,3,0,1,6,0,2,3.42,40,125,91,3,2,1,0,35,0,0,0,2,0,0,1,4,Joe West,"B.Arroyo (6-70), J.Broxton (1), S.LeCure (1-L), S.Marshall (0)"
20120922,LAN,NL,152,CIN,NL,152,0,6,51,CIN09,41117,0,00011013x,31,6,0,0,0,0,0,0,0,1,0,7,0,0,2,0,5,6,5,5,1,0,24,13,1,0,1,0,30,8,1,0,2,5,1,0,1,6,1,5,0,0,1,0,8,2,0,0,0,0,27,17,0,0,2,0,latom001,fifes001,,fifes001,latom001,,152,Sep 22,1,LAD,"W,6-0",9,6,0,0,0,1,7,0,0,3.39,32,117,85,0,0,0,0,31,0,0,0,0,0,0,2,2,Mike Muchlinski,"M.Latos (5-77-W), A.Chapman (11)"
20120923,LAN,NL,153,CIN,NL,153,5,3,54,CIN09,32932,10000400,1000020,33,8,2,0,2,5,1,0,0,3,0,8,0,0,1,0,5,5,2,2,0,0,27,14,1,0,1,0,31,6,0,0,1,3,1,0,1,7,0,11,0,1,1,0,10,3,5,5,0,0,27,14,1,0,1,0,tolls002,bailh001,leagb001,kersc001,bailh001,,153,Sep 23,1,LAD,"L,3-5",9,8,5,5,0,3,8,2,0,3.4,37,145,90,2,2,0,0,33,2,0,0,1,0,0,1,3,Sam Holbrook,"H.Bailey (4-48-L), J.Arredondo (2), J.Hoover (3)"
20120925,MIL,NL,154,CIN,NL,154,2,4,51,CIN09,18155,10100,02002000x,30,5,1,0,1,2,0,0,0,0,0,8,0,0,0,0,1,5,4,4,0,0,24,8,0,0,1,0,31,9,2,1,0,4,1,0,0,2,0,10,0,0,1,0,6,3,2,2,0,0,27,13,0,0,0,0,cuetj001,fierm001,chapa001,fierm001,cuetj001,,154,Sep 25,1,MIL,"W,4-2",9,5,2,2,0,0,8,1,0,3.4,30,123,85,0,0,0,0,30,1,0,0,0,0,0,0,3,Tim Timmons,"J.Cueto (4-64-W), J.Broxton (3-H), A.Chapman (2-Sv)"
20120926,MIL,NL,155,CIN,NL,155,8,1,54,CIN09,20570,3001211,100000000,39,13,5,1,3,8,0,1,1,3,0,3,0,0,0,0,9,4,1,1,0,0,27,8,0,0,0,0,32,6,1,0,0,1,1,0,0,4,0,9,0,0,0,0,9,4,8,8,0,0,27,8,0,0,0,0,marcs001,arrob001,,marcs001,arrob001,,155,Sep 26,1,MIL,"L,1-8",9,13,8,8,0,3,3,3,1,3.43,44,147,95,0,0,0,0,39,5,1,0,0,1,0,0,4,Dale Scott,"B.Arroyo (4-40-L), L.Ondrusek (5), S.LeCure (4), A.Simon (5)"
20120927,MIL,NL,156,CIN,NL,156,1,2,53,CIN09,23411,1000000,2,32,5,0,0,1,1,0,0,0,1,1,5,1,0,0,0,5,5,2,2,0,0,26,6,0,0,1,0,30,6,0,1,1,2,1,0,0,2,0,12,0,0,0,0,5,3,1,1,0,0,27,14,0,0,0,0,broxj001,axfoj001,,peraw001,latom001,,156,Sep 27,1,MIL,"W,2-1",9,5,1,1,0,1,5,1,0,3.41,33,121,79,0,0,1,0,32,0,0,1,0,0,0,0,3,Mark Wegner,"M.Latos (4-69), S.Marshall (5), J.Broxton (1-W)"
20120928,CIN,NL,157,PIT,NL,157,1,0,54,PIT08,34796,100000000,0,30,7,0,0,0,1,0,1,0,1,0,5,0,0,2,0,4,1,0,0,0,0,27,10,1,0,0,0,27,0,0,0,0,0,0,0,0,1,0,10,1,1,0,0,1,2,1,1,1,0,27,14,0,0,2,0,bailh001,burna001,,bailh001,burna001,,157,Sep 28,@,PIT,"W,1-0",9,0,0,0,0,1,10,0,0,3.39,28,115,74,1,1,1,1,27,0,0,0,0,0,1,0,1,Ed Hickox,H.Bailey (4-96-W)
20120929,CIN,NL,158,PIT,NL,158,1,2,52,PIT08,38623,10,101,31,7,2,0,0,1,2,0,0,4,1,9,0,0,1,0,9,4,2,2,1,0,25,7,2,0,0,0,32,8,2,0,1,2,1,0,0,6,1,4,0,0,0,0,12,4,1,1,0,0,27,12,0,0,1,0,hanrj001,broxj001,,leakm001,mcphk001,,158,Sep 29,@,PIT,"L,1-2",8.1,8,2,2,0,6,4,1,0,3.38,39,142,82,0,0,0,0,32,2,0,1,1,0,0,0,4,Chris Conroy,"M.Leake (9-64), J.Arredondo (5), L.Ondrusek (2), J.Broxton (1-L)"
20120930,CIN,NL,159,PIT,NL,159,4,3,54,PIT08,32814,2000002,2010000,37,10,4,0,1,4,0,0,0,1,0,12,0,0,0,0,7,4,1,1,0,0,27,8,3,0,0,0,33,7,1,0,1,3,1,0,0,3,0,9,0,0,0,0,7,4,4,4,0,0,27,7,0,0,0,0,marss002,hanrj001,chapa001,cuetj001,rodrw002,,159,Sep 30,@,PIT,"W,4-3",9,7,3,1,2,3,9,1,0,3.37,37,135,86,0,0,0,0,33,1,0,0,1,0,1,0,4,Mark Carlson,"J.Cueto (4-62), S.LeCure (3), S.Marshall (2-W), A.Chapman (4-Sv)"
20121001,CIN,NL,160,SLN,NL,160,2,4,51,STL10,38480,1000100,00300100x,31,6,1,0,0,2,1,1,0,1,0,8,0,1,0,0,5,3,4,4,0,0,24,12,0,0,1,0,30,9,1,1,1,4,0,1,0,3,0,7,0,1,1,0,6,4,2,2,1,0,27,12,1,1,1,0,garcj004,arrob001,mottj001,arrob001,garcj004,,160,Oct 1,@,STL,"L,2-4",8,9,4,4,0,3,7,1,0,3.37,34,118,70,0,0,0,1,30,1,1,0,0,1,0,1,3,Brian O'Nora,"B.Arroyo (4-48-L), A.Simon (4), J.Hoover (7)"
20121002,CIN,NL,161,SLN,NL,161,3,1,54,STL10,39644,102000,100000000,35,8,2,0,1,3,0,0,0,2,0,9,0,0,0,0,7,5,1,1,0,0,27,10,0,0,1,0,31,6,2,0,0,1,0,1,0,2,1,6,0,0,1,0,6,3,3,3,0,0,27,6,0,0,0,0,latom001,carpc002,chapa001,latom001,carpc002,,161,Oct 2,@,STL,"W,3-1",9,6,1,1,0,2,6,0,0,3.36,34,136,91,2,0,0,0,31,2,0,1,0,1,0,1,5,Chad Fairchild,"M.Latos (4-58-W), S.LeCure (1-H), S.Marshall (1-H), J.Broxton (2-H), A.Chapman (1-Sv)"
20121003,CIN,NL,162,SLN,NL,162,0,1,51,STL10,42509,0,00000001x,29,3,0,0,0,0,0,0,1,2,0,10,0,1,1,0,5,6,1,1,0,0,24,4,0,0,0,0,33,9,1,0,0,1,0,0,0,1,0,11,1,0,0,0,9,5,0,0,0,0,27,8,1,0,1,0,martv002,broxj001,mottj001,bailh001,mills001,,162,Oct 3,@,STL,"L,0-1",8,9,1,1,0,1,11,0,0,3.34,34,143,97,1,1,1,0,33,1,0,0,0,0,0,0,6,Alfonso Marquez,"H.Bailey (4-60), J.Arredondo (3), J.Hoover (1), L.Ondrusek (3), J.Broxton (0-L), T.Cingrani (17)"
